Sequence,Frame,Bytes,SendTime,TxStartTime,ReceiveTime,DropTime,Status,LatencyMs
0,1,1032,0,0,0.0108496,-1,RECEIVED,10.8496
1,1,1032,0.001,0.001,0.0118496,-1,RECEIVED,10.8496
2,1,1032,0.002,0.002,0.0128496,-1,RECEIVED,10.8496
3,1,1032,0.003,0.003,0.0138496,-1,RECEIVED,10.8496
4,1,1032,0.004,0.004,0.0148496,-1,RECEIVED,10.8496
5,1,1032,0.005,0.005,0.0158496,-1,RECEIVED,10.8496
6,1,1032,0.006,0.006,0.0168496,-1,RECEIVED,10.8496
7,1,1032,0.007,0.007,0.0178496,-1,RECEIVED,10.8496
8,1,1032,0.008,0.008,0.0188496,-1,RECEIVED,10.8496
9,1,1032,0.009,0.009,0.0198496,-1,RECEIVED,10.8496
10,1,1032,0.01,0.01,0.0208496,-1,RECEIVED,10.8496
11,1,1032,0.011,0.011,0.0218496,-1,RECEIVED,10.8496
12,1,1032,0.012,0.012,0.0228496,-1,RECEIVED,10.8496
13,1,1032,0.013,0.013,0.0238496,-1,RECEIVED,10.8496
14,1,1032,0.014,0.014,0.0248496,-1,RECEIVED,10.8496
15,1,1032,0.015,0.015,0.0258496,-1,RECEIVED,10.8496
16,1,1032,0.016,0.016,0.0268496,-1,RECEIVED,10.8496
17,1,1032,0.017,0.017,0.0278496,-1,RECEIVED,10.8496
18,1,1032,0.018,0.018,0.0288496,-1,RECEIVED,10.8496
19,1,1032,0.019,0.019,0.0298496,-1,RECEIVED,10.8496
20,1,1032,0.02,0.02,0.0308496,-1,RECEIVED,10.8496
21,1,1032,0.021,0.021,0.0318496,-1,RECEIVED,10.8496
22,1,1032,0.022,0.022,0.0328496,-1,RECEIVED,10.8496
23,1,1032,0.023,0.023,0.0338496,-1,RECEIVED,10.8496
24,1,1032,0.024,0.024,0.0348496,-1,RECEIVED,10.8496
25,1,1032,0.025,0.025,0.0358496,-1,RECEIVED,10.8496
26,1,1032,0.026,0.026,0.0368496,-1,RECEIVED,10.8496
27,1,1032,0.027,0.027,0.0378496,-1,RECEIVED,10.8496
28,1,1032,0.028,0.028,0.0388496,-1,RECEIVED,10.8496
29,1,1032,0.029,0.029,0.0398496,-1,RECEIVED,10.8496
30,1,1032,0.03,0.03,0.0408496,-1,RECEIVED,10.8496
31,1,1032,0.031,0.031,0.0418496,-1,RECEIVED,10.8496
32,1,1032,0.032,0.032,0.0428496,-1,RECEIVED,10.8496
33,1,1032,0.033,0.033,0.0438496,-1,RECEIVED,10.8496
34,1,1032,0.034,0.034,0.0448496,-1,RECEIVED,10.8496
35,1,1032,0.035,0.035,0.0458496,-1,RECEIVED,10.8496
36,1,1032,0.036,0.036,0.0468496,-1,RECEIVED,10.8496
37,1,1032,0.037,0.037,0.0478496,-1,RECEIVED,10.8496
38,1,1032,0.038,0.038,0.0488496,-1,RECEIVED,10.8496
39,1,1032,0.039,0.039,0.0498496,-1,RECEIVED,10.8496
40,1,1032,0.04,0.04,0.0508496,-1,RECEIVED,10.8496
41,1,1032,0.041,0.041,0.0518496,-1,RECEIVED,10.8496
42,1,1032,0.042,0.042,0.0528496,-1,RECEIVED,10.8496
43,1,1032,0.043,0.043,0.0538496,-1,RECEIVED,10.8496
44,1,1032,0.044,0.044,0.0548496,-1,RECEIVED,10.8496
45,1,1032,0.045,0.045,0.0558496,-1,RECEIVED,10.8496
46,1,1032,0.046,0.046,0.0568496,-1,RECEIVED,10.8496
47,1,1032,0.047,0.047,0.0578496,-1,RECEIVED,10.8496
48,1,1032,0.048,0.048,0.0588496,-1,RECEIVED,10.8496
49,1,1032,0.049,0.049,0.0598496,-1,RECEIVED,10.8496
50,1,1032,0.05,0.05,0.0608496,-1,RECEIVED,10.8496
51,1,1032,0.051,0.051,0.0618496,-1,RECEIVED,10.8496
52,1,1032,0.052,0.052,0.0628496,-1,RECEIVED,10.8496
53,1,1032,0.053,0.053,0.0638496,-1,RECEIVED,10.8496
54,1,1032,0.054,0.054,0.0648496,-1,RECEIVED,10.8496
55,1,1032,0.055,0.055,0.0658496,-1,RECEIVED,10.8496
56,1,1032,0.056,0.056,0.0668496,-1,RECEIVED,10.8496
57,1,1032,0.057,0.057,0.0678496,-1,RECEIVED,10.8496
58,1,1032,0.058,0.058,0.0688496,-1,RECEIVED,10.8496
59,1,1032,0.059,0.059,0.0698496,-1,RECEIVED,10.8496
60,1,1032,0.06,0.06,0.0708496,-1,RECEIVED,10.8496
61,1,1032,0.061,0.061,0.0718496,-1,RECEIVED,10.8496
62,1,1032,0.062,0.062,0.0728496,-1,RECEIVED,10.8496
63,1,1032,0.063,0.063,0.0738496,-1,RECEIVED,10.8496
64,1,1032,0.064,0.064,0.0748496,-1,RECEIVED,10.8496
65,1,1032,0.065,0.065,0.0758496,-1,RECEIVED,10.8496
66,1,1032,0.066,0.066,0.0768496,-1,RECEIVED,10.8496
67,1,1032,0.067,0.067,0.0778496,-1,RECEIVED,10.8496
68,1,1032,0.068,0.068,0.0788496,-1,RECEIVED,10.8496
69,1,1032,0.069,0.069,0.0798496,-1,RECEIVED,10.8496
70,1,1032,0.07,0.07,0.0808496,-1,RECEIVED,10.8496
71,1,1032,0.071,0.071,0.0818496,-1,RECEIVED,10.8496
72,1,1032,0.072,0.072,0.0828496,-1,RECEIVED,10.8496
73,1,1032,0.073,0.073,0.0838496,-1,RECEIVED,10.8496
74,1,1032,0.074,0.074,0.0848496,-1,RECEIVED,10.8496
75,1,1032,0.075,0.075,0.0858496,-1,RECEIVED,10.8496
76,1,1032,0.076,0.076,0.0868496,-1,RECEIVED,10.8496
77,1,1032,0.077,0.077,0.0878496,-1,RECEIVED,10.8496
78,1,1032,0.078,0.078,0.0888496,-1,RECEIVED,10.8496
79,1,1032,0.079,0.079,0.0898496,-1,RECEIVED,10.8496
80,1,1032,0.08,0.08,0.0908496,-1,RECEIVED,10.8496
81,1,1032,0.081,0.081,0.0918496,-1,RECEIVED,10.8496
82,1,1032,0.082,0.082,0.0928496,-1,RECEIVED,10.8496
83,1,1032,0.083,0.083,0.0938496,-1,RECEIVED,10.8496
84,1,1032,0.084,0.084,0.0948496,-1,RECEIVED,10.8496
85,1,1032,0.085,0.085,0.0958496,-1,RECEIVED,10.8496
86,1,1032,0.086,0.086,0.0968496,-1,RECEIVED,10.8496
87,1,1032,0.087,0.087,0.0978496,-1,RECEIVED,10.8496
88,1,1032,0.088,0.088,0.0988496,-1,RECEIVED,10.8496
89,1,1032,0.089,0.089,0.0998496,-1,RECEIVED,10.8496
90,1,1032,0.09,0.09,0.10085,-1,RECEIVED,10.8496
91,1,1032,0.091,0.091,0.10185,-1,RECEIVED,10.8496
92,1,1032,0.092,0.092,0.10285,-1,RECEIVED,10.8496
93,1,222,0.093,0.093,0.103202,-1,RECEIVED,10.2016
94,2,1032,0.1,0.1,0.11085,-1,RECEIVED,10.8496
95,2,1032,0.101,0.101,0.11185,-1,RECEIVED,10.8496
96,2,1032,0.102,0.102,0.11285,-1,RECEIVED,10.8496
97,2,1032,0.103,0.103,0.11385,-1,RECEIVED,10.8496
98,2,1032,0.104,0.104,0.11485,-1,RECEIVED,10.8496
99,2,1032,0.105,0.105,0.11585,-1,RECEIVED,10.8496
100,2,1032,0.106,0.106,0.11685,-1,RECEIVED,10.8496
101,2,1032,0.107,0.107,0.11785,-1,RECEIVED,10.8496
102,2,1032,0.108,0.108,0.11885,-1,RECEIVED,10.8496
103,2,1032,0.109,0.109,0.11985,-1,RECEIVED,10.8496
104,2,1032,0.11,0.11,0.12085,-1,RECEIVED,10.8496
105,2,1032,0.111,0.111,0.12185,-1,RECEIVED,10.8496
106,2,1032,0.112,0.112,0.12285,-1,RECEIVED,10.8496
107,2,1032,0.113,0.113,0.12385,-1,RECEIVED,10.8496
108,2,1032,0.114,0.114,0.12485,-1,RECEIVED,10.8496
109,2,1032,0.115,0.115,0.12585,-1,RECEIVED,10.8496
110,2,1032,0.116,0.116,0.12685,-1,RECEIVED,10.8496
111,2,1032,0.117,0.117,0.12785,-1,RECEIVED,10.8496
112,2,1032,0.118,0.118,0.12885,-1,RECEIVED,10.8496
113,2,1032,0.119,0.119,0.12985,-1,RECEIVED,10.8496
114,2,1032,0.12,0.12,0.13085,-1,RECEIVED,10.8496
115,2,1032,0.121,0.121,0.13185,-1,RECEIVED,10.8496
116,2,1032,0.122,0.122,0.13285,-1,RECEIVED,10.8496
117,2,1032,0.123,0.123,0.13385,-1,RECEIVED,10.8496
118,2,1032,0.124,0.124,0.13485,-1,RECEIVED,10.8496
119,2,1032,0.125,0.125,0.13585,-1,RECEIVED,10.8496
120,2,1032,0.126,0.126,0.13685,-1,RECEIVED,10.8496
121,2,1032,0.127,0.127,0.13785,-1,RECEIVED,10.8496
122,2,1032,0.128,0.128,0.13885,-1,RECEIVED,10.8496
123,2,1032,0.129,0.129,0.13985,-1,RECEIVED,10.8496
124,2,1032,0.13,0.13,0.14085,-1,RECEIVED,10.8496
125,2,1032,0.131,0.131,0.14185,-1,RECEIVED,10.8496
126,2,1032,0.132,0.132,0.14285,-1,RECEIVED,10.8496
127,2,1032,0.133,0.133,0.14385,-1,RECEIVED,10.8496
128,2,1032,0.134,0.134,0.14485,-1,RECEIVED,10.8496
129,2,1032,0.135,0.135,0.14585,-1,RECEIVED,10.8496
130,2,1032,0.136,0.136,0.14685,-1,RECEIVED,10.8496
131,2,1032,0.137,0.137,0.14785,-1,RECEIVED,10.8496
132,2,1032,0.138,0.138,0.14885,-1,RECEIVED,10.8496
133,2,1032,0.139,0.139,0.14985,-1,RECEIVED,10.8496
134,2,1032,0.14,0.14,0.15085,-1,RECEIVED,10.8496
135,2,1032,0.141,0.141,0.15185,-1,RECEIVED,10.8496
136,2,1032,0.142,0.142,0.15285,-1,RECEIVED,10.8496
137,2,1032,0.143,0.143,0.15385,-1,RECEIVED,10.8496
138,2,1032,0.144,0.144,0.15485,-1,RECEIVED,10.8496
139,2,1032,0.145,0.145,0.15585,-1,RECEIVED,10.8496
140,2,1032,0.146,0.146,0.15685,-1,RECEIVED,10.8496
141,2,1032,0.147,0.147,0.15785,-1,RECEIVED,10.8496
142,2,1032,0.148,0.148,0.15885,-1,RECEIVED,10.8496
143,2,1032,0.149,0.149,0.15985,-1,RECEIVED,10.8496
144,2,1032,0.15,0.15,0.16085,-1,RECEIVED,10.8496
145,2,1032,0.151,0.151,0.16185,-1,RECEIVED,10.8496
146,2,1032,0.152,0.152,0.16285,-1,RECEIVED,10.8496
147,2,1032,0.153,0.153,0.16385,-1,RECEIVED,10.8496
148,2,1032,0.154,0.154,0.16485,-1,RECEIVED,10.8496
149,2,1032,0.155,0.155,0.16585,-1,RECEIVED,10.8496
150,2,1032,0.156,0.156,0.16685,-1,RECEIVED,10.8496
151,2,1032,0.157,0.157,0.16785,-1,RECEIVED,10.8496
152,2,1032,0.158,0.158,0.16885,-1,RECEIVED,10.8496
153,2,1032,0.159,0.159,0.16985,-1,RECEIVED,10.8496
154,2,1032,0.16,0.16,0.17085,-1,RECEIVED,10.8496
155,2,1032,0.161,0.161,0.17185,-1,RECEIVED,10.8496
156,2,1032,0.162,0.162,0.17285,-1,RECEIVED,10.8496
157,2,1032,0.163,0.163,0.17385,-1,RECEIVED,10.8496
158,2,1032,0.164,0.164,0.17485,-1,RECEIVED,10.8496
159,2,1032,0.165,0.165,0.17585,-1,RECEIVED,10.8496
160,2,1032,0.166,0.166,0.17685,-1,RECEIVED,10.8496
161,2,1032,0.167,0.167,0.17785,-1,RECEIVED,10.8496
162,2,1032,0.168,0.168,0.17885,-1,RECEIVED,10.8496
163,2,1032,0.169,0.169,0.17985,-1,RECEIVED,10.8496
164,2,1032,0.17,0.17,0.18085,-1,RECEIVED,10.8496
165,2,1032,0.171,0.171,0.18185,-1,RECEIVED,10.8496
166,2,1032,0.172,0.172,0.18285,-1,RECEIVED,10.8496
167,2,1032,0.173,0.173,0.18385,-1,RECEIVED,10.8496
168,2,1032,0.174,0.174,0.18485,-1,RECEIVED,10.8496
169,2,1032,0.175,0.175,0.18585,-1,RECEIVED,10.8496
170,2,1032,0.176,0.176,0.18685,-1,RECEIVED,10.8496
171,2,1032,0.177,0.177,0.18785,-1,RECEIVED,10.8496
172,2,1032,0.178,0.178,0.18885,-1,RECEIVED,10.8496
173,2,1032,0.179,0.179,0.18985,-1,RECEIVED,10.8496
174,2,1032,0.18,0.18,0.19085,-1,RECEIVED,10.8496
175,2,1032,0.181,0.181,0.19185,-1,RECEIVED,10.8496
176,2,1032,0.182,0.182,0.19285,-1,RECEIVED,10.8496
177,2,1032,0.183,0.183,0.19385,-1,RECEIVED,10.8496
178,2,1032,0.184,0.184,0.19485,-1,RECEIVED,10.8496
179,2,1032,0.185,0.185,0.19585,-1,RECEIVED,10.8496
180,2,1032,0.186,0.186,0.19685,-1,RECEIVED,10.8496
181,2,1032,0.187,0.187,0.19785,-1,RECEIVED,10.8496
182,2,1032,0.188,0.188,0.19885,-1,RECEIVED,10.8496
183,2,1032,0.189,0.189,0.19985,-1,RECEIVED,10.8496
184,2,1032,0.19,0.19,0.20085,-1,RECEIVED,10.8496
185,2,1032,0.191,0.191,0.20185,-1,RECEIVED,10.8496
186,2,1032,0.192,0.192,0.20285,-1,RECEIVED,10.8496
187,2,1032,0.193,0.193,0.20385,-1,RECEIVED,10.8496
188,2,1032,0.194,0.194,0.20485,-1,RECEIVED,10.8496
189,2,1032,0.195,0.195,0.20585,-1,RECEIVED,10.8496
190,2,1032,0.196,0.196,0.20685,-1,RECEIVED,10.8496
191,2,1032,0.197,0.197,0.20785,-1,RECEIVED,10.8496
192,2,1032,0.198,0.198,0.20885,-1,RECEIVED,10.8496
193,2,1032,0.199,0.199,0.20985,-1,RECEIVED,10.8496
194,2,1032,0.2,0.2,0.21085,-1,RECEIVED,10.8496
195,3,1032,0.2,0.20085,0.211699,-1,RECEIVED,11.6992
196,2,1032,0.201,0.201699,0.212549,-1,RECEIVED,11.5488
197,3,1032,0.201,0.202549,0.213398,-1,RECEIVED,12.3984
198,2,1032,0.202,0.203398,0.214248,-1,RECEIVED,12.248
199,3,1032,0.202,0.204248,0.215098,-1,RECEIVED,13.0976
200,2,1032,0.203,0.205098,0.215947,-1,RECEIVED,12.9472
201,3,1032,0.203,0.205947,0.216797,-1,RECEIVED,13.7968
202,2,1032,0.204,0.206797,0.217646,-1,RECEIVED,13.6464
203,3,1032,0.204,0.207646,0.218496,-1,RECEIVED,14.496
204,2,1032,0.205,0.208496,0.219346,-1,RECEIVED,14.3456
205,3,1032,0.205,0.209346,0.220195,-1,RECEIVED,15.1952
206,2,1032,0.206,0.210195,0.221045,-1,RECEIVED,15.0448
207,3,1032,0.206,0.211045,0.221894,-1,RECEIVED,15.8944
208,2,1032,0.207,0.211894,0.222744,-1,RECEIVED,15.744
209,3,1032,0.207,0.212744,0.223594,-1,RECEIVED,16.5936
210,2,1032,0.208,0.213594,0.224443,-1,RECEIVED,16.4432
211,3,1032,0.208,0.214443,0.225293,-1,RECEIVED,17.2928
212,2,1032,0.209,0.215293,0.226142,-1,RECEIVED,17.1424
213,3,1032,0.209,0.216142,0.226992,-1,RECEIVED,17.992
214,2,1032,0.21,0.216992,0.227842,-1,RECEIVED,17.8416
215,3,1032,0.21,0.217842,0.228691,-1,RECEIVED,18.6912
216,2,1032,0.211,0.218691,0.229541,-1,RECEIVED,18.5408
217,3,1032,0.211,0.219541,0.23039,-1,RECEIVED,19.3904
218,2,1032,0.212,0.22039,0.23124,-1,RECEIVED,19.24
219,3,1032,0.212,0.22124,0.23209,-1,RECEIVED,20.0896
220,2,1032,0.213,0.22209,0.232939,-1,RECEIVED,19.9392
221,3,1032,0.213,0.222939,0.233789,-1,RECEIVED,20.7888
222,2,1032,0.214,0.223789,0.234638,-1,RECEIVED,20.6384
223,3,1032,0.214,0.224638,0.235488,-1,RECEIVED,21.488
224,2,1032,0.215,0.225488,0.236338,-1,RECEIVED,21.3376
225,3,1032,0.215,0.226338,0.237187,-1,RECEIVED,22.1872
226,2,1032,0.216,0.227187,0.238037,-1,RECEIVED,22.0368
227,3,1032,0.216,0.228037,0.238886,-1,RECEIVED,22.8864
228,2,1032,0.217,0.228886,0.239736,-1,RECEIVED,22.736
229,3,1032,0.217,0.229736,0.240586,-1,RECEIVED,23.5856
230,2,941,0.218,0.230586,0.241362,-1,RECEIVED,23.3624
231,3,1032,0.218,0.231362,0.242212,-1,RECEIVED,24.212
232,3,1032,0.219,0.232212,0.243062,-1,RECEIVED,24.0616
233,3,1032,0.22,0.233062,0.243911,-1,RECEIVED,23.9112
234,3,1032,0.221,0.233911,0.244761,-1,RECEIVED,23.7608
235,3,1032,0.222,0.234761,0.24561,-1,RECEIVED,23.6104
236,3,1032,0.223,0.23561,0.24646,-1,RECEIVED,23.46
237,3,1032,0.224,0.23646,0.24731,-1,RECEIVED,23.3096
238,3,1032,0.225,0.23731,0.248159,-1,RECEIVED,23.1592
239,3,1032,0.226,0.238159,0.249009,-1,RECEIVED,23.0088
240,3,1032,0.227,0.239009,0.249858,-1,RECEIVED,22.8584
241,3,1032,0.228,0.239858,0.250708,-1,RECEIVED,22.708
242,3,1032,0.229,0.240708,0.251558,-1,RECEIVED,22.5576
243,3,1032,0.23,0.241558,0.252407,-1,RECEIVED,22.4072
244,3,1032,0.231,0.242407,0.253257,-1,RECEIVED,22.2568
245,3,1032,0.232,0.243257,0.254106,-1,RECEIVED,22.1064
246,3,1032,0.233,0.244106,0.254956,-1,RECEIVED,21.956
247,3,1032,0.234,0.244956,0.255806,-1,RECEIVED,21.8056
248,3,1032,0.235,0.245806,0.256655,-1,RECEIVED,21.6552
249,3,1032,0.236,0.246655,0.257505,-1,RECEIVED,21.5048
250,3,1032,0.237,0.247505,0.258354,-1,RECEIVED,21.3544
251,3,1032,0.238,0.248354,0.259204,-1,RECEIVED,21.204
252,3,1032,0.239,0.249204,0.260054,-1,RECEIVED,21.0536
253,3,1032,0.24,0.250054,0.260903,-1,RECEIVED,20.9032
254,3,1032,0.241,0.250903,0.261753,-1,RECEIVED,20.7528
255,3,1032,0.242,0.251753,0.262602,-1,RECEIVED,20.6024
256,3,1032,0.243,0.252602,0.263452,-1,RECEIVED,20.452
257,3,1032,0.244,0.253452,0.264302,-1,RECEIVED,20.3016
258,3,1032,0.245,0.254302,0.265151,-1,RECEIVED,20.1512
259,3,1032,0.246,0.255151,0.266001,-1,RECEIVED,20.0008
260,3,1032,0.247,0.256001,0.26685,-1,RECEIVED,19.8504
261,3,1032,0.248,0.25685,0.2677,-1,RECEIVED,19.7
262,3,1032,0.249,0.2577,0.26855,-1,RECEIVED,19.5496
263,3,1032,0.25,0.25855,0.269399,-1,RECEIVED,19.3992
264,3,1032,0.251,0.259399,0.270249,-1,RECEIVED,19.2488
265,3,1032,0.252,0.260249,0.271098,-1,RECEIVED,19.0984
266,3,1032,0.253,0.261098,0.271948,-1,RECEIVED,18.948
267,3,1032,0.254,0.261948,0.272798,-1,RECEIVED,18.7976
268,3,1032,0.255,0.262798,0.273647,-1,RECEIVED,18.6472
269,3,1032,0.256,0.263647,0.274497,-1,RECEIVED,18.4968
270,3,1032,0.257,0.264497,0.275346,-1,RECEIVED,18.3464
271,3,1032,0.258,0.265346,0.276196,-1,RECEIVED,18.196
272,3,1032,0.259,0.266196,0.277046,-1,RECEIVED,18.0456
273,3,1032,0.26,0.267046,0.277895,-1,RECEIVED,17.8952
274,3,1032,0.261,0.267895,0.278745,-1,RECEIVED,17.7448
275,3,1032,0.262,0.268745,0.279594,-1,RECEIVED,17.5944
276,3,1032,0.263,0.269594,0.280444,-1,RECEIVED,17.444
277,3,1032,0.264,0.270444,0.281294,-1,RECEIVED,17.2936
278,3,1032,0.265,0.271294,0.282143,-1,RECEIVED,17.1432
279,3,1032,0.266,0.272143,0.282993,-1,RECEIVED,16.9928
280,3,1032,0.267,0.272993,0.283842,-1,RECEIVED,16.8424
281,3,1032,0.268,0.273842,0.284692,-1,RECEIVED,16.692
282,3,1032,0.269,0.274692,0.285542,-1,RECEIVED,16.5416
283,3,1032,0.27,0.275542,0.286391,-1,RECEIVED,16.3912
284,3,1032,0.271,0.276391,0.287241,-1,RECEIVED,16.2408
285,3,1032,0.272,0.277241,0.28809,-1,RECEIVED,16.0904
286,3,1032,0.273,0.27809,0.28894,-1,RECEIVED,15.94
287,3,1032,0.274,0.27894,0.28979,-1,RECEIVED,15.7896
288,3,1032,0.275,0.27979,0.290639,-1,RECEIVED,15.6392
289,3,1032,0.276,0.280639,0.291489,-1,RECEIVED,15.4888
290,3,1032,0.277,0.281489,0.292338,-1,RECEIVED,15.3384
291,3,1032,0.278,0.282338,0.293188,-1,RECEIVED,15.188
292,3,1032,0.279,0.283188,0.294038,-1,RECEIVED,15.0376
293,3,1032,0.28,0.284038,0.294887,-1,RECEIVED,14.8872
294,3,1032,0.281,0.284887,0.295737,-1,RECEIVED,14.7368
295,3,1032,0.282,0.285737,0.296586,-1,RECEIVED,14.5864
296,3,1032,0.283,0.286586,0.297436,-1,RECEIVED,14.436
297,3,1032,0.284,0.287436,0.298286,-1,RECEIVED,14.2856
298,3,1032,0.285,0.288286,0.299135,-1,RECEIVED,14.1352
299,3,1032,0.286,0.289135,0.299985,-1,RECEIVED,13.9848
300,3,1032,0.287,0.289985,0.300834,-1,RECEIVED,13.8344
301,3,1032,0.288,0.290834,0.301684,-1,RECEIVED,13.684
302,3,1032,0.289,0.291684,0.302534,-1,RECEIVED,13.5336
303,3,1032,0.29,0.292534,0.303383,-1,RECEIVED,13.3832
304,3,1032,0.291,0.293383,0.304233,-1,RECEIVED,13.2328
305,3,1032,0.292,0.294233,0.305082,-1,RECEIVED,13.0824
306,3,1032,0.293,0.295082,0.305932,-1,RECEIVED,12.932
307,3,1032,0.294,0.295932,0.306782,-1,RECEIVED,12.7816
308,3,1032,0.295,0.296782,0.307631,-1,RECEIVED,12.6312
309,3,1032,0.296,0.297631,0.308481,-1,RECEIVED,12.4808
310,3,1032,0.297,0.298481,0.30933,-1,RECEIVED,12.3304
311,3,1032,0.298,0.29933,0.31018,-1,RECEIVED,12.18
312,3,1032,0.299,0.30018,0.31103,-1,RECEIVED,12.0296
313,3,1032,0.3,0.30103,0.311879,-1,RECEIVED,11.8792
314,4,1032,0.3,0.301879,0.312729,-1,RECEIVED,12.7288
315,3,1032,0.301,0.302729,0.313578,-1,RECEIVED,12.5784
316,4,1032,0.301,0.303578,0.314428,-1,RECEIVED,13.428
317,3,1032,0.302,0.304428,0.315278,-1,RECEIVED,13.2776
318,4,1032,0.302,0.305278,0.316127,-1,RECEIVED,14.1272
319,3,1032,0.303,0.306127,0.316977,-1,RECEIVED,13.9768
320,4,1032,0.303,0.306977,0.317826,-1,RECEIVED,14.8264
321,3,1032,0.304,0.307826,0.318676,-1,RECEIVED,14.676
322,4,1032,0.304,0.308676,0.319526,-1,RECEIVED,15.5256
323,3,1032,0.305,0.309526,0.320375,-1,RECEIVED,15.3752
324,4,1032,0.305,0.310375,0.321225,-1,RECEIVED,16.2248
325,3,1032,0.306,0.311225,0.322074,-1,RECEIVED,16.0744
326,4,1032,0.306,0.312074,0.322924,-1,RECEIVED,16.924
327,3,1032,0.307,0.312924,0.323774,-1,RECEIVED,16.7736
328,4,1032,0.307,0.313774,0.324623,-1,RECEIVED,17.6232
329,3,1032,0.308,0.314623,0.325473,-1,RECEIVED,17.4728
330,4,1032,0.308,0.315473,0.326322,-1,RECEIVED,18.3224
331,3,1032,0.309,0.316322,0.327172,-1,RECEIVED,18.172
332,4,1032,0.309,0.317172,0.328022,-1,RECEIVED,19.0216
333,3,1032,0.31,0.318022,0.328871,-1,RECEIVED,18.8712
334,4,1032,0.31,0.318871,0.329721,-1,RECEIVED,19.7208
335,3,1032,0.311,0.319721,0.33057,-1,RECEIVED,19.5704
336,4,1032,0.311,0.32057,0.33142,-1,RECEIVED,20.42
337,3,1032,0.312,0.32142,0.33227,-1,RECEIVED,20.2696
338,4,1032,0.312,0.32227,0.333119,-1,RECEIVED,21.1192
339,3,1032,0.313,0.323119,0.333969,-1,RECEIVED,20.9688
340,4,1032,0.313,0.323969,0.334818,-1,RECEIVED,21.8184
341,3,1032,0.314,0.324818,0.335668,-1,RECEIVED,21.668
342,4,1032,0.314,0.325668,0.336518,-1,RECEIVED,22.5176
343,3,801,0.315,0.326518,0.337182,-1,RECEIVED,22.1824
344,4,1032,0.315,0.327182,0.338032,-1,RECEIVED,23.032
345,4,1032,0.316,0.328032,0.338882,-1,RECEIVED,22.8816
346,4,1032,0.317,0.328882,0.339731,-1,RECEIVED,22.7312
347,4,1032,0.318,0.329731,0.340581,-1,RECEIVED,22.5808
348,4,1032,0.319,0.330581,0.34143,-1,RECEIVED,22.4304
349,4,1032,0.32,0.33143,0.34228,-1,RECEIVED,22.28
350,4,1032,0.321,0.33228,0.34313,-1,RECEIVED,22.1296
351,4,1032,0.322,0.33313,0.343979,-1,RECEIVED,21.9792
352,4,1032,0.323,0.333979,0.344829,-1,RECEIVED,21.8288
353,4,1032,0.324,0.334829,0.345678,-1,RECEIVED,21.6784
354,4,1032,0.325,0.335678,0.346528,-1,RECEIVED,21.528
355,4,1032,0.326,0.336528,0.347378,-1,RECEIVED,21.3776
356,4,1032,0.327,0.337378,0.348227,-1,RECEIVED,21.2272
357,4,1032,0.328,0.338227,0.349077,-1,RECEIVED,21.0768
358,4,1032,0.329,0.339077,0.349926,-1,RECEIVED,20.9264
359,4,1032,0.33,0.339926,0.350776,-1,RECEIVED,20.776
360,4,1032,0.331,0.340776,0.351626,-1,RECEIVED,20.6256
361,4,1032,0.332,0.341626,0.352475,-1,RECEIVED,20.4752
362,4,1032,0.333,0.342475,0.353325,-1,RECEIVED,20.3248
363,4,1032,0.334,0.343325,0.354174,-1,RECEIVED,20.1744
364,4,1032,0.335,0.344174,0.355024,-1,RECEIVED,20.024
365,4,1032,0.336,0.345024,0.355874,-1,RECEIVED,19.8736
366,4,1032,0.337,0.345874,0.356723,-1,RECEIVED,19.7232
367,4,1032,0.338,0.346723,0.357573,-1,RECEIVED,19.5728
368,4,1032,0.339,0.347573,0.358422,-1,RECEIVED,19.4224
369,4,1032,0.34,0.348422,0.359272,-1,RECEIVED,19.272
370,4,1032,0.341,0.349272,0.360122,-1,RECEIVED,19.1216
371,4,1032,0.342,0.350122,0.360971,-1,RECEIVED,18.9712
372,4,1032,0.343,0.350971,0.361821,-1,RECEIVED,18.8208
373,4,1032,0.344,0.351821,0.36267,-1,RECEIVED,18.6704
374,4,1032,0.345,0.35267,0.36352,-1,RECEIVED,18.52
375,4,1032,0.346,0.35352,0.36437,-1,RECEIVED,18.3696
376,4,1032,0.347,0.35437,0.365219,-1,RECEIVED,18.2192
377,4,1032,0.348,0.355219,0.366069,-1,RECEIVED,18.0688
378,4,1032,0.349,0.356069,0.366918,-1,RECEIVED,17.9184
379,4,1032,0.35,0.356918,0.367768,-1,RECEIVED,17.768
380,4,1032,0.351,0.357768,0.368618,-1,RECEIVED,17.6176
381,4,1032,0.352,0.358618,0.369467,-1,RECEIVED,17.4672
382,4,1032,0.353,0.359467,0.370317,-1,RECEIVED,17.3168
383,4,1032,0.354,0.360317,0.371166,-1,RECEIVED,17.1664
384,4,1032,0.355,0.361166,0.372016,-1,RECEIVED,17.016
385,4,1032,0.356,0.362016,0.372866,-1,RECEIVED,16.8656
386,4,1032,0.357,0.362866,0.373715,-1,RECEIVED,16.7152
387,4,1032,0.358,0.363715,0.374565,-1,RECEIVED,16.5648
388,4,1032,0.359,0.364565,0.375414,-1,RECEIVED,16.4144
389,4,1032,0.36,0.365414,0.376264,-1,RECEIVED,16.264
390,4,1032,0.361,0.366264,0.377114,-1,RECEIVED,16.1136
391,4,1032,0.362,0.367114,0.377963,-1,RECEIVED,15.9632
392,4,1032,0.363,0.367963,0.378813,-1,RECEIVED,15.8128
393,4,1032,0.364,0.368813,0.379662,-1,RECEIVED,15.6624
394,4,1032,0.365,0.369662,0.380512,-1,RECEIVED,15.512
395,4,1032,0.366,0.370512,0.381362,-1,RECEIVED,15.3616
396,4,1032,0.367,0.371362,0.382211,-1,RECEIVED,15.2112
397,4,1032,0.368,0.372211,0.383061,-1,RECEIVED,15.0608
398,4,1032,0.369,0.373061,0.38391,-1,RECEIVED,14.9104
399,4,1032,0.37,0.37391,0.38476,-1,RECEIVED,14.76
400,4,1032,0.371,0.37476,0.38561,-1,RECEIVED,14.6096
401,4,1032,0.372,0.37561,0.386459,-1,RECEIVED,14.4592
402,4,1032,0.373,0.376459,0.387309,-1,RECEIVED,14.3088
403,4,1032,0.374,0.377309,0.388158,-1,RECEIVED,14.1584
404,4,1032,0.375,0.378158,0.389008,-1,RECEIVED,14.008
405,4,1032,0.376,0.379008,0.389858,-1,RECEIVED,13.8576
406,4,1032,0.377,0.379858,0.390707,-1,RECEIVED,13.7072
407,4,1032,0.378,0.380707,0.391557,-1,RECEIVED,13.5568
408,4,1032,0.379,0.381557,0.392406,-1,RECEIVED,13.4064
409,4,1032,0.38,0.382406,0.393256,-1,RECEIVED,13.256
410,4,1032,0.381,0.383256,0.394106,-1,RECEIVED,13.1056
411,4,1032,0.382,0.384106,0.394955,-1,RECEIVED,12.9552
412,4,1032,0.383,0.384955,0.395805,-1,RECEIVED,12.8048
413,4,1032,0.384,0.385805,0.396654,-1,RECEIVED,12.6544
414,4,1032,0.385,0.386654,0.397504,-1,RECEIVED,12.504
415,4,1032,0.386,0.387504,0.398354,-1,RECEIVED,12.3536
416,4,1032,0.387,0.388354,0.399203,-1,RECEIVED,12.2032
417,4,1032,0.388,0.389203,0.400053,-1,RECEIVED,12.0528
418,4,1032,0.389,0.390053,0.400902,-1,RECEIVED,11.9024
419,4,1032,0.39,0.390902,0.401752,-1,RECEIVED,11.752
420,4,1032,0.391,0.391752,0.402602,-1,RECEIVED,11.6016
421,4,1032,0.392,0.392602,0.403451,-1,RECEIVED,11.4512
422,4,1032,0.393,0.393451,0.404301,-1,RECEIVED,11.3008
423,4,1032,0.394,0.394301,0.40515,-1,RECEIVED,11.1504
424,4,1032,0.395,0.39515,0.406,-1,RECEIVED,11
425,4,1032,0.396,0.396,0.40685,-1,RECEIVED,10.8496
426,4,1032,0.397,0.397,0.40785,-1,RECEIVED,10.8496
427,4,1032,0.398,0.398,0.40885,-1,RECEIVED,10.8496
428,4,1032,0.399,0.399,0.40985,-1,RECEIVED,10.8496
429,4,1032,0.4,0.4,0.41085,-1,RECEIVED,10.8496
430,5,1032,0.4,0.40085,0.411699,-1,RECEIVED,11.6992
431,4,1032,0.401,0.401699,0.412549,-1,RECEIVED,11.5488
432,5,1032,0.401,0.402549,0.413398,-1,RECEIVED,12.3984
433,4,1032,0.402,0.403398,0.414248,-1,RECEIVED,12.248
434,5,1032,0.402,0.404248,0.415098,-1,RECEIVED,13.0976
435,4,1032,0.403,0.405098,0.415947,-1,RECEIVED,12.9472
436,5,1032,0.403,0.405947,0.416797,-1,RECEIVED,13.7968
437,4,1032,0.404,0.406797,0.417646,-1,RECEIVED,13.6464
438,5,1032,0.404,0.407646,0.418496,-1,RECEIVED,14.496
439,4,1032,0.405,0.408496,0.419346,-1,RECEIVED,14.3456
440,5,1032,0.405,0.409346,0.420195,-1,RECEIVED,15.1952
441,4,1032,0.406,0.410195,0.421045,-1,RECEIVED,15.0448
442,5,1032,0.406,0.411045,0.421894,-1,RECEIVED,15.8944
443,4,1032,0.407,0.411894,0.422744,-1,RECEIVED,15.744
444,5,1032,0.407,0.412744,0.423594,-1,RECEIVED,16.5936
445,4,1032,0.408,0.413594,0.424443,-1,RECEIVED,16.4432
446,5,1032,0.408,0.414443,0.425293,-1,RECEIVED,17.2928
447,4,1032,0.409,0.415293,0.426142,-1,RECEIVED,17.1424
448,5,1032,0.409,0.416142,0.426992,-1,RECEIVED,17.992
449,4,1032,0.41,0.416992,0.427842,-1,RECEIVED,17.8416
450,5,1032,0.41,0.417842,0.428691,-1,RECEIVED,18.6912
451,4,1032,0.411,0.418691,0.429541,-1,RECEIVED,18.5408
452,5,1032,0.411,0.419541,0.43039,-1,RECEIVED,19.3904
453,4,1032,0.412,0.42039,0.43124,-1,RECEIVED,19.24
454,5,1032,0.412,0.42124,0.43209,-1,RECEIVED,20.0896
455,4,1032,0.413,0.42209,0.432939,-1,RECEIVED,19.9392
456,5,1032,0.413,0.422939,0.433789,-1,RECEIVED,20.7888
457,4,1032,0.414,0.423789,0.434638,-1,RECEIVED,20.6384
458,5,1032,0.414,0.424638,0.435488,-1,RECEIVED,21.488
459,4,1032,0.415,0.425488,0.436338,-1,RECEIVED,21.3376
460,5,1032,0.415,0.426338,0.437187,-1,RECEIVED,22.1872
461,4,1032,0.416,0.427187,0.438037,-1,RECEIVED,22.0368
462,5,1032,0.416,0.428037,0.438886,-1,RECEIVED,22.8864
463,4,1032,0.417,0.428886,0.439736,-1,RECEIVED,22.736
464,5,1032,0.417,0.429736,0.440586,-1,RECEIVED,23.5856
465,4,1032,0.418,0.430586,0.441435,-1,RECEIVED,23.4352
466,5,1032,0.418,0.431435,0.442285,-1,RECEIVED,24.2848
467,4,1032,0.419,0.432285,0.443134,-1,RECEIVED,24.1344
468,5,1032,0.419,0.433134,0.443984,-1,RECEIVED,24.984
469,4,1032,0.42,0.433984,0.444834,-1,RECEIVED,24.8336
470,5,1032,0.42,0.434834,0.445683,-1,RECEIVED,25.6832
471,4,1032,0.421,0.435683,0.446533,-1,RECEIVED,25.5328
472,5,1032,0.421,0.436533,0.447382,-1,RECEIVED,26.3824
473,4,1032,0.422,0.437382,0.448232,-1,RECEIVED,26.232
474,5,1032,0.422,0.438232,0.449082,-1,RECEIVED,27.0816
475,4,1032,0.423,0.439082,0.449931,-1,RECEIVED,26.9312
476,5,1032,0.423,0.439931,0.450781,-1,RECEIVED,27.7808
477,4,1032,0.424,0.440781,0.45163,-1,RECEIVED,27.6304
478,5,1032,0.424,0.44163,0.45248,-1,RECEIVED,28.48
479,4,1032,0.425,0.44248,0.45333,-1,RECEIVED,28.3296
480,5,1032,0.425,0.44333,0.454179,-1,RECEIVED,29.1792
481,4,1032,0.426,0.444179,0.455029,-1,RECEIVED,29.0288
482,5,1032,0.426,0.445029,0.455878,-1,RECEIVED,29.8784
483,4,1032,0.427,0.445878,0.456728,-1,RECEIVED,29.728
484,5,1032,0.427,0.446728,0.457578,-1,RECEIVED,30.5776
485,4,1032,0.428,0.447578,0.458427,-1,RECEIVED,30.4272
486,5,1032,0.428,0.448427,0.459277,-1,RECEIVED,31.2768
487,4,1032,0.429,0.449277,0.460126,-1,RECEIVED,31.1264
488,5,1032,0.429,0.450126,0.460976,-1,RECEIVED,31.976
489,4,1032,0.43,0.450976,0.461826,-1,RECEIVED,31.8256
490,5,1032,0.43,0.451826,0.462675,-1,RECEIVED,32.6752
491,4,1032,0.431,0.452675,0.463525,-1,RECEIVED,32.5248
492,5,1032,0.431,0.453525,0.464374,-1,RECEIVED,33.3744
493,4,1032,0.432,0.454374,0.465224,-1,RECEIVED,33.224
494,5,1032,0.432,0.455224,0.466074,-1,RECEIVED,34.0736
495,4,1032,0.433,0.456074,0.466923,-1,RECEIVED,33.9232
496,5,1032,0.433,0.456923,0.467773,-1,RECEIVED,34.7728
497,4,1032,0.434,0.457773,0.468622,-1,RECEIVED,34.6224
498,5,1032,0.434,0.458622,0.469472,-1,RECEIVED,35.472
499,4,1032,0.435,0.459472,0.470322,-1,RECEIVED,35.3216
500,5,1032,0.435,0.460322,0.471171,-1,RECEIVED,36.1712
501,4,1032,0.436,0.461171,0.472021,-1,RECEIVED,36.0208
502,5,1032,0.436,0.462021,0.47287,-1,RECEIVED,36.8704
503,4,1032,0.437,0.46287,0.47372,-1,RECEIVED,36.72
504,5,1032,0.437,0.46372,0.47457,-1,RECEIVED,37.5696
505,4,1032,0.438,0.46457,0.475419,-1,RECEIVED,37.4192
506,5,1032,0.438,0.465419,0.476269,-1,RECEIVED,38.2688
507,4,1032,0.439,0.466269,0.477118,-1,RECEIVED,38.1184
508,5,1032,0.439,0.467118,0.477968,-1,RECEIVED,38.968
509,4,1032,0.44,0.467968,0.478818,-1,RECEIVED,38.8176
510,5,1032,0.44,0.468818,0.479667,-1,RECEIVED,39.6672
511,4,1032,0.441,0.469667,0.480517,-1,RECEIVED,39.5168
512,5,1032,0.441,0.470517,0.481366,-1,RECEIVED,40.3664
513,4,1032,0.442,0.471366,0.482216,-1,RECEIVED,40.216
514,5,1032,0.442,0.472216,0.483066,-1,RECEIVED,41.0656
515,4,1032,0.443,0.473066,0.483915,-1,RECEIVED,40.9152
516,5,1032,0.443,0.473915,0.484765,-1,RECEIVED,41.7648
517,4,1032,0.444,0.474765,0.485614,-1,RECEIVED,41.6144
518,5,1032,0.444,0.475614,0.486464,-1,RECEIVED,42.464
519,4,1032,0.445,0.476464,0.487314,-1,RECEIVED,42.3136
520,5,1032,0.445,0.477314,0.488163,-1,RECEIVED,43.1632
521,4,1032,0.446,0.478163,0.489013,-1,RECEIVED,43.0128
522,5,1032,0.446,0.479013,0.489862,-1,RECEIVED,43.8624
523,4,1032,0.447,0.479862,0.490712,-1,RECEIVED,43.712
524,5,1032,0.447,0.480712,0.491562,-1,RECEIVED,44.5616
525,4,1032,0.448,0.481562,0.492411,-1,RECEIVED,44.4112
526,5,1032,0.448,0.482411,0.493261,-1,RECEIVED,45.2608
527,4,1032,0.449,0.483261,0.49411,-1,RECEIVED,45.1104
528,5,1032,0.449,0.48411,0.49496,-1,RECEIVED,45.96
529,4,1032,0.45,0.48496,0.49581,-1,RECEIVED,45.8096
530,5,1032,0.45,0.48581,0.496659,-1,RECEIVED,46.6592
531,4,1032,0.451,0.486659,0.497509,-1,RECEIVED,46.5088
532,5,1032,0.451,0.487509,0.498358,-1,RECEIVED,47.3584
533,4,985,0.452,0.488358,0.49917,-1,RECEIVED,47.1704
534,5,1032,0.452,0.48917,0.50002,-1,RECEIVED,48.02
535,5,1032,0.453,0.49002,0.50087,-1,RECEIVED,47.8696
536,5,1032,0.454,0.49087,0.501719,-1,RECEIVED,47.7192
537,5,1032,0.455,0.491719,0.502569,-1,RECEIVED,47.5688
538,5,1032,0.456,0.492569,0.503418,-1,RECEIVED,47.4184
539,5,1032,0.457,0.493418,0.504268,-1,RECEIVED,47.268
540,5,1032,0.458,0.494268,0.505118,-1,RECEIVED,47.1176
541,5,1032,0.459,0.495118,0.505967,-1,RECEIVED,46.9672
542,5,1032,0.46,0.495967,0.506817,-1,RECEIVED,46.8168
543,5,1032,0.461,0.496817,0.507666,-1,RECEIVED,46.6664
544,5,1032,0.462,0.497666,0.508516,-1,RECEIVED,46.516
545,5,1032,0.463,0.498516,0.509366,-1,RECEIVED,46.3656
546,5,1032,0.464,0.499366,0.510215,-1,RECEIVED,46.2152
547,5,1032,0.465,0.500215,0.511065,-1,RECEIVED,46.0648
548,5,1032,0.466,0.501065,0.511914,-1,RECEIVED,45.9144
549,5,1032,0.467,0.501914,0.512764,-1,RECEIVED,45.764
550,5,1032,0.468,0.502764,0.513614,-1,RECEIVED,45.6136
551,5,1032,0.469,0.503614,0.514463,-1,RECEIVED,45.4632
552,5,1032,0.47,0.504463,0.515313,-1,RECEIVED,45.3128
553,5,1032,0.471,0.505313,0.516162,-1,RECEIVED,45.1624
554,5,1032,0.472,0.506162,0.517012,-1,RECEIVED,45.012
555,5,1032,0.473,0.507012,0.517862,-1,RECEIVED,44.8616
556,5,1032,0.474,0.507862,0.518711,-1,RECEIVED,44.7112
557,5,1032,0.475,0.508711,0.519561,-1,RECEIVED,44.5608
558,5,1032,0.476,0.509561,0.52041,-1,RECEIVED,44.4104
559,5,1032,0.477,0.51041,0.52126,-1,RECEIVED,44.26
560,5,1032,0.478,0.51126,0.52211,-1,RECEIVED,44.1096
561,5,1032,0.479,0.51211,0.522959,-1,RECEIVED,43.9592
562,5,1032,0.48,0.512959,0.523809,-1,RECEIVED,43.8088
563,5,1032,0.481,0.513809,0.524658,-1,RECEIVED,43.6584
564,5,1032,0.482,0.514658,0.525508,-1,RECEIVED,43.508
565,5,1032,0.483,0.515508,0.526358,-1,RECEIVED,43.3576
566,5,1032,0.484,0.516358,0.527207,-1,RECEIVED,43.2072
567,5,1032,0.485,0.517207,0.528057,-1,RECEIVED,43.0568
568,5,989,0.486,0.518057,0.528872,-1,RECEIVED,42.872
569,6,1032,0.5,0.518872,0.529722,-1,RECEIVED,29.7216
570,6,1032,0.501,0.519722,0.530571,-1,RECEIVED,29.5712
571,6,1032,0.502,0.520571,0.531421,-1,RECEIVED,29.4208
572,6,1032,0.503,0.521421,0.53227,-1,RECEIVED,29.2704
573,6,1032,0.504,0.52227,0.53312,-1,RECEIVED,29.12
574,6,1032,0.505,0.52312,0.53397,-1,RECEIVED,28.9696
575,6,1032,0.506,0.52397,0.534819,-1,RECEIVED,28.8192
576,6,1032,0.507,0.524819,0.535669,-1,RECEIVED,28.6688
577,6,1032,0.508,0.525669,0.536518,-1,RECEIVED,28.5184
578,6,1032,0.509,0.526518,0.537368,-1,RECEIVED,28.368
579,6,1032,0.51,0.527368,0.538218,-1,RECEIVED,28.2176
580,6,1032,0.511,0.528218,0.539067,-1,RECEIVED,28.0672
581,6,1032,0.512,0.529067,0.539917,-1,RECEIVED,27.9168
582,6,1032,0.513,0.529917,0.540766,-1,RECEIVED,27.7664
583,6,1032,0.514,0.530766,0.541616,-1,RECEIVED,27.616
584,6,1032,0.515,0.531616,0.542466,-1,RECEIVED,27.4656
585,6,1032,0.516,0.532466,0.543315,-1,RECEIVED,27.3152
586,6,1032,0.517,0.533315,0.544165,-1,RECEIVED,27.1648
587,6,1032,0.518,0.534165,0.545014,-1,RECEIVED,27.0144
588,6,1032,0.519,0.535014,0.545864,-1,RECEIVED,26.864
589,6,1032,0.52,0.535864,0.546714,-1,RECEIVED,26.7136
590,6,1032,0.521,0.536714,0.547563,-1,RECEIVED,26.5632
591,6,1032,0.522,0.537563,0.548413,-1,RECEIVED,26.4128
592,6,1032,0.523,0.538413,0.549262,-1,RECEIVED,26.2624
593,6,1032,0.524,0.539262,0.550112,-1,RECEIVED,26.112
594,6,1032,0.525,0.540112,0.550962,-1,RECEIVED,25.9616
595,6,1032,0.526,0.540962,0.551811,-1,RECEIVED,25.8112
596,6,1032,0.527,0.541811,0.552661,-1,RECEIVED,25.6608
597,6,1032,0.528,0.542661,0.55351,-1,RECEIVED,25.5104
598,6,1032,0.529,0.54351,0.55436,-1,RECEIVED,25.36
599,6,1032,0.53,0.54436,0.55521,-1,RECEIVED,25.2096
600,6,1032,0.531,0.54521,0.556059,-1,RECEIVED,25.0592
601,6,1032,0.532,0.546059,0.556909,-1,RECEIVED,24.9088
602,6,1032,0.533,0.546909,0.557758,-1,RECEIVED,24.7584
603,6,1032,0.534,0.547758,0.558608,-1,RECEIVED,24.608
604,6,1032,0.535,0.548608,0.559458,-1,RECEIVED,24.4576
605,6,1032,0.536,0.549458,0.560307,-1,RECEIVED,24.3072
606,6,1032,0.537,0.550307,0.561157,-1,RECEIVED,24.1568
607,6,1032,0.538,0.551157,0.562006,-1,RECEIVED,24.0064
608,6,1032,0.539,0.552006,0.562856,-1,RECEIVED,23.856
609,6,1032,0.54,0.552856,0.563706,-1,RECEIVED,23.7056
610,6,1032,0.541,0.553706,0.564555,-1,RECEIVED,23.5552
611,6,1032,0.542,0.554555,0.565405,-1,RECEIVED,23.4048
612,6,1032,0.543,0.555405,0.566254,-1,RECEIVED,23.2544
613,6,1032,0.544,0.556254,0.567104,-1,RECEIVED,23.104
614,6,1032,0.545,0.557104,0.567954,-1,RECEIVED,22.9536
615,6,1032,0.546,0.557954,0.568803,-1,RECEIVED,22.8032
616,6,1032,0.547,0.558803,0.569653,-1,RECEIVED,22.6528
617,6,1032,0.548,0.559653,0.570502,-1,RECEIVED,22.5024
618,6,1032,0.549,0.560502,0.571352,-1,RECEIVED,22.352
619,6,1032,0.55,0.561352,0.572202,-1,RECEIVED,22.2016
620,6,1032,0.551,0.562202,0.573051,-1,RECEIVED,22.0512
621,6,1032,0.552,0.563051,0.573901,-1,RECEIVED,21.9008
622,6,1032,0.553,0.563901,0.57475,-1,RECEIVED,21.7504
623,6,1032,0.554,0.56475,0.5756,-1,RECEIVED,21.6
624,6,1032,0.555,0.5656,0.57645,-1,RECEIVED,21.4496
625,6,1032,0.556,0.56645,0.577299,-1,RECEIVED,21.2992
626,6,1032,0.557,0.567299,0.578149,-1,RECEIVED,21.1488
627,6,1032,0.558,0.568149,0.578998,-1,RECEIVED,20.9984
628,6,1032,0.559,0.568998,0.579848,-1,RECEIVED,20.848
629,6,1032,0.56,0.569848,0.580698,-1,RECEIVED,20.6976
630,6,1032,0.561,0.570698,0.581547,-1,RECEIVED,20.5472
631,6,1032,0.562,0.571547,0.582397,-1,RECEIVED,20.3968
632,6,1032,0.563,0.572397,0.583246,-1,RECEIVED,20.2464
633,6,1032,0.564,0.573246,0.584096,-1,RECEIVED,20.096
634,6,1032,0.565,0.574096,0.584946,-1,RECEIVED,19.9456
635,6,1032,0.566,0.574946,0.585795,-1,RECEIVED,19.7952
636,6,1032,0.567,0.575795,0.586645,-1,RECEIVED,19.6448
637,6,1032,0.568,0.576645,0.587494,-1,RECEIVED,19.4944
638,6,1032,0.569,0.577494,0.588344,-1,RECEIVED,19.344
639,6,1032,0.57,0.578344,0.589194,-1,RECEIVED,19.1936
640,6,1032,0.571,0.579194,0.590043,-1,RECEIVED,19.0432
641,6,1032,0.572,0.580043,0.590893,-1,RECEIVED,18.8928
642,6,1032,0.573,0.580893,0.591742,-1,RECEIVED,18.7424
643,6,1032,0.574,0.581742,0.592592,-1,RECEIVED,18.592
644,6,1032,0.575,0.582592,0.593442,-1,RECEIVED,18.4416
645,6,1032,0.576,0.583442,0.594291,-1,RECEIVED,18.2912
646,6,1032,0.577,0.584291,0.595141,-1,RECEIVED,18.1408
647,6,1032,0.578,0.585141,0.59599,-1,RECEIVED,17.9904
648,6,1032,0.579,0.58599,0.59684,-1,RECEIVED,17.84
649,6,1032,0.58,0.58684,0.59769,-1,RECEIVED,17.6896
650,6,1032,0.581,0.58769,0.598539,-1,RECEIVED,17.5392
651,6,1032,0.582,0.588539,0.599389,-1,RECEIVED,17.3888
652,6,1032,0.583,0.589389,0.600238,-1,RECEIVED,17.2384
653,6,1032,0.584,0.590238,0.601088,-1,RECEIVED,17.088
654,6,1032,0.585,0.591088,0.601938,-1,RECEIVED,16.9376
655,6,1032,0.586,0.591938,0.602787,-1,RECEIVED,16.7872
656,6,309,0.587,0.592787,0.603058,-1,RECEIVED,16.0584
657,7,1032,0.6,0.6,0.61085,-1,RECEIVED,10.8496
658,7,1032,0.601,0.601,0.61185,-1,RECEIVED,10.8496
659,7,1032,0.602,0.602,0.61285,-1,RECEIVED,10.8496
660,7,1032,0.603,0.603,0.61385,-1,RECEIVED,10.8496
661,7,1032,0.604,0.604,0.61485,-1,RECEIVED,10.8496
662,7,1032,0.605,0.605,0.61585,-1,RECEIVED,10.8496
663,7,1032,0.606,0.606,0.61685,-1,RECEIVED,10.8496
664,7,1032,0.607,0.607,0.61785,-1,RECEIVED,10.8496
665,7,1032,0.608,0.608,0.61885,-1,RECEIVED,10.8496
666,7,1032,0.609,0.609,0.61985,-1,RECEIVED,10.8496
667,7,1032,0.61,0.61,0.62085,-1,RECEIVED,10.8496
668,7,1032,0.611,0.611,0.62185,-1,RECEIVED,10.8496
669,7,1032,0.612,0.612,0.62285,-1,RECEIVED,10.8496
670,7,1032,0.613,0.613,0.62385,-1,RECEIVED,10.8496
671,7,1032,0.614,0.614,0.62485,-1,RECEIVED,10.8496
672,7,1032,0.615,0.615,0.62585,-1,RECEIVED,10.8496
673,7,1032,0.616,0.616,0.62685,-1,RECEIVED,10.8496
674,7,1032,0.617,0.617,0.62785,-1,RECEIVED,10.8496
675,7,1032,0.618,0.618,0.62885,-1,RECEIVED,10.8496
676,7,1032,0.619,0.619,0.62985,-1,RECEIVED,10.8496
677,7,1032,0.62,0.62,0.63085,-1,RECEIVED,10.8496
678,7,1032,0.621,0.621,0.63185,-1,RECEIVED,10.8496
679,7,1032,0.622,0.622,0.63285,-1,RECEIVED,10.8496
680,7,1032,0.623,0.623,0.63385,-1,RECEIVED,10.8496
681,7,1032,0.624,0.624,0.63485,-1,RECEIVED,10.8496
682,7,1032,0.625,0.625,0.63585,-1,RECEIVED,10.8496
683,7,1032,0.626,0.626,0.63685,-1,RECEIVED,10.8496
684,7,1032,0.627,0.627,0.63785,-1,RECEIVED,10.8496
685,7,1032,0.628,0.628,0.63885,-1,RECEIVED,10.8496
686,7,1032,0.629,0.629,0.63985,-1,RECEIVED,10.8496
687,7,1032,0.63,0.63,0.64085,-1,RECEIVED,10.8496
688,7,1032,0.631,0.631,0.64185,-1,RECEIVED,10.8496
689,7,1032,0.632,0.632,0.64285,-1,RECEIVED,10.8496
690,7,1032,0.633,0.633,0.64385,-1,RECEIVED,10.8496
691,7,1032,0.634,0.634,0.64485,-1,RECEIVED,10.8496
692,7,1032,0.635,0.635,0.64585,-1,RECEIVED,10.8496
693,7,1032,0.636,0.636,0.64685,-1,RECEIVED,10.8496
694,7,1032,0.637,0.637,0.64785,-1,RECEIVED,10.8496
695,7,1032,0.638,0.638,0.64885,-1,RECEIVED,10.8496
696,7,1032,0.639,0.639,0.64985,-1,RECEIVED,10.8496
697,7,1032,0.64,0.64,0.65085,-1,RECEIVED,10.8496
698,7,1032,0.641,0.641,0.65185,-1,RECEIVED,10.8496
699,7,1032,0.642,0.642,0.65285,-1,RECEIVED,10.8496
700,7,1032,0.643,0.643,0.65385,-1,RECEIVED,10.8496
701,7,1032,0.644,0.644,0.65485,-1,RECEIVED,10.8496
702,7,1032,0.645,0.645,0.65585,-1,RECEIVED,10.8496
703,7,1032,0.646,0.646,0.65685,-1,RECEIVED,10.8496
704,7,1032,0.647,0.647,0.65785,-1,RECEIVED,10.8496
705,7,1032,0.648,0.648,0.65885,-1,RECEIVED,10.8496
706,7,1032,0.649,0.649,0.65985,-1,RECEIVED,10.8496
707,7,1032,0.65,0.65,0.66085,-1,RECEIVED,10.8496
708,7,1032,0.651,0.651,0.66185,-1,RECEIVED,10.8496
709,7,1032,0.652,0.652,0.66285,-1,RECEIVED,10.8496
710,7,1032,0.653,0.653,0.66385,-1,RECEIVED,10.8496
711,7,1032,0.654,0.654,0.66485,-1,RECEIVED,10.8496
712,7,1032,0.655,0.655,0.66585,-1,RECEIVED,10.8496
713,7,1032,0.656,0.656,0.66685,-1,RECEIVED,10.8496
714,7,1032,0.657,0.657,0.66785,-1,RECEIVED,10.8496
715,7,1032,0.658,0.658,0.66885,-1,RECEIVED,10.8496
716,7,1032,0.659,0.659,0.66985,-1,RECEIVED,10.8496
717,7,1032,0.66,0.66,0.67085,-1,RECEIVED,10.8496
718,7,1032,0.661,0.661,0.67185,-1,RECEIVED,10.8496
719,7,1032,0.662,0.662,0.67285,-1,RECEIVED,10.8496
720,7,1032,0.663,0.663,0.67385,-1,RECEIVED,10.8496
721,7,1032,0.664,0.664,0.67485,-1,RECEIVED,10.8496
722,7,1032,0.665,0.665,0.67585,-1,RECEIVED,10.8496
723,7,1032,0.666,0.666,0.67685,-1,RECEIVED,10.8496
724,7,1032,0.667,0.667,0.67785,-1,RECEIVED,10.8496
725,7,1032,0.668,0.668,0.67885,-1,RECEIVED,10.8496
726,7,1032,0.669,0.669,0.67985,-1,RECEIVED,10.8496
727,7,1032,0.67,0.67,0.68085,-1,RECEIVED,10.8496
728,7,1032,0.671,0.671,0.68185,-1,RECEIVED,10.8496
729,7,1032,0.672,0.672,0.68285,-1,RECEIVED,10.8496
730,7,1032,0.673,0.673,0.68385,-1,RECEIVED,10.8496
731,7,1032,0.674,0.674,0.68485,-1,RECEIVED,10.8496
732,7,1032,0.675,0.675,0.68585,-1,RECEIVED,10.8496
733,7,1032,0.676,0.676,0.68685,-1,RECEIVED,10.8496
734,7,1032,0.677,0.677,0.68785,-1,RECEIVED,10.8496
735,7,1032,0.678,0.678,0.68885,-1,RECEIVED,10.8496
736,7,1032,0.679,0.679,0.68985,-1,RECEIVED,10.8496
737,7,1032,0.68,0.68,0.69085,-1,RECEIVED,10.8496
738,7,1032,0.681,0.681,0.69185,-1,RECEIVED,10.8496
739,7,1032,0.682,0.682,0.69285,-1,RECEIVED,10.8496
740,7,1032,0.683,0.683,0.69385,-1,RECEIVED,10.8496
741,7,1032,0.684,0.684,0.69485,-1,RECEIVED,10.8496
742,7,1032,0.685,0.685,0.69585,-1,RECEIVED,10.8496
743,7,1032,0.686,0.686,0.69685,-1,RECEIVED,10.8496
744,7,1032,0.687,0.687,0.69785,-1,RECEIVED,10.8496
745,7,1032,0.688,0.688,0.69885,-1,RECEIVED,10.8496
746,7,989,0.689,0.689,0.699815,-1,RECEIVED,10.8152
747,8,1032,0.7,0.7,0.71085,-1,RECEIVED,10.8496
748,8,1032,0.701,0.701,0.71185,-1,RECEIVED,10.8496
749,8,1032,0.702,0.702,0.71285,-1,RECEIVED,10.8496
750,8,1032,0.703,0.703,0.71385,-1,RECEIVED,10.8496
751,8,1032,0.704,0.704,0.71485,-1,RECEIVED,10.8496
752,8,1032,0.705,0.705,0.71585,-1,RECEIVED,10.8496
753,8,1032,0.706,0.706,0.71685,-1,RECEIVED,10.8496
754,8,1032,0.707,0.707,0.71785,-1,RECEIVED,10.8496
755,8,1032,0.708,0.708,0.71885,-1,RECEIVED,10.8496
756,8,1032,0.709,0.709,0.71985,-1,RECEIVED,10.8496
757,8,1032,0.71,0.71,0.72085,-1,RECEIVED,10.8496
758,8,1032,0.711,0.711,0.72185,-1,RECEIVED,10.8496
759,8,1032,0.712,0.712,0.72285,-1,RECEIVED,10.8496
760,8,1032,0.713,0.713,0.72385,-1,RECEIVED,10.8496
761,8,1032,0.714,0.714,0.72485,-1,RECEIVED,10.8496
762,8,1032,0.715,0.715,0.72585,-1,RECEIVED,10.8496
763,8,1032,0.716,0.716,0.72685,-1,RECEIVED,10.8496
764,8,1032,0.717,0.717,0.72785,-1,RECEIVED,10.8496
765,8,1032,0.718,0.718,0.72885,-1,RECEIVED,10.8496
766,8,1032,0.719,0.719,0.72985,-1,RECEIVED,10.8496
767,8,1032,0.72,0.72,0.73085,-1,RECEIVED,10.8496
768,8,1032,0.721,0.721,0.73185,-1,RECEIVED,10.8496
769,8,1032,0.722,0.722,0.73285,-1,RECEIVED,10.8496
770,8,1032,0.723,0.723,0.73385,-1,RECEIVED,10.8496
771,8,1032,0.724,0.724,0.73485,-1,RECEIVED,10.8496
772,8,1032,0.725,0.725,0.73585,-1,RECEIVED,10.8496
773,8,1032,0.726,0.726,0.73685,-1,RECEIVED,10.8496
774,8,1032,0.727,0.727,0.73785,-1,RECEIVED,10.8496
775,8,1032,0.728,0.728,0.73885,-1,RECEIVED,10.8496
776,8,1032,0.729,0.729,0.73985,-1,RECEIVED,10.8496
777,8,1032,0.73,0.73,0.74085,-1,RECEIVED,10.8496
778,8,1032,0.731,0.731,0.74185,-1,RECEIVED,10.8496
779,8,1032,0.732,0.732,0.74285,-1,RECEIVED,10.8496
780,8,1032,0.733,0.733,0.74385,-1,RECEIVED,10.8496
781,8,1032,0.734,0.734,0.74485,-1,RECEIVED,10.8496
782,8,1032,0.735,0.735,0.74585,-1,RECEIVED,10.8496
783,8,1032,0.736,0.736,0.74685,-1,RECEIVED,10.8496
784,8,1032,0.737,0.737,0.74785,-1,RECEIVED,10.8496
785,8,1032,0.738,0.738,0.74885,-1,RECEIVED,10.8496
786,8,1032,0.739,0.739,0.74985,-1,RECEIVED,10.8496
787,8,1032,0.74,0.74,0.75085,-1,RECEIVED,10.8496
788,8,1032,0.741,0.741,0.75185,-1,RECEIVED,10.8496
789,8,1032,0.742,0.742,0.75285,-1,RECEIVED,10.8496
790,8,1032,0.743,0.743,0.75385,-1,RECEIVED,10.8496
791,8,1032,0.744,0.744,0.75485,-1,RECEIVED,10.8496
792,8,1032,0.745,0.745,0.75585,-1,RECEIVED,10.8496
793,8,1032,0.746,0.746,0.75685,-1,RECEIVED,10.8496
794,8,1032,0.747,0.747,0.75785,-1,RECEIVED,10.8496
795,8,1032,0.748,0.748,0.75885,-1,RECEIVED,10.8496
796,8,1032,0.749,0.749,0.75985,-1,RECEIVED,10.8496
797,8,1032,0.75,0.75,0.76085,-1,RECEIVED,10.8496
798,8,1032,0.751,0.751,0.76185,-1,RECEIVED,10.8496
799,8,1032,0.752,0.752,0.76285,-1,RECEIVED,10.8496
800,8,1032,0.753,0.753,0.76385,-1,RECEIVED,10.8496
801,8,1032,0.754,0.754,0.76485,-1,RECEIVED,10.8496
802,8,1032,0.755,0.755,0.76585,-1,RECEIVED,10.8496
803,8,1032,0.756,0.756,0.76685,-1,RECEIVED,10.8496
804,8,1032,0.757,0.757,0.76785,-1,RECEIVED,10.8496
805,8,1032,0.758,0.758,0.76885,-1,RECEIVED,10.8496
806,8,1032,0.759,0.759,0.76985,-1,RECEIVED,10.8496
807,8,1032,0.76,0.76,0.77085,-1,RECEIVED,10.8496
808,8,1032,0.761,0.761,0.77185,-1,RECEIVED,10.8496
809,8,1032,0.762,0.762,0.77285,-1,RECEIVED,10.8496
810,8,1032,0.763,0.763,0.77385,-1,RECEIVED,10.8496
811,8,1032,0.764,0.764,0.77485,-1,RECEIVED,10.8496
812,8,1032,0.765,0.765,0.77585,-1,RECEIVED,10.8496
813,8,1032,0.766,0.766,0.77685,-1,RECEIVED,10.8496
814,8,1032,0.767,0.767,0.77785,-1,RECEIVED,10.8496
815,8,1032,0.768,0.768,0.77885,-1,RECEIVED,10.8496
816,8,1032,0.769,0.769,0.77985,-1,RECEIVED,10.8496
817,8,1032,0.77,0.77,0.78085,-1,RECEIVED,10.8496
818,8,1032,0.771,0.771,0.78185,-1,RECEIVED,10.8496
819,8,1032,0.772,0.772,0.78285,-1,RECEIVED,10.8496
820,8,1032,0.773,0.773,0.78385,-1,RECEIVED,10.8496
821,8,1032,0.774,0.774,0.78485,-1,RECEIVED,10.8496
822,8,1032,0.775,0.775,0.78585,-1,RECEIVED,10.8496
823,8,1032,0.776,0.776,0.78685,-1,RECEIVED,10.8496
824,8,1032,0.777,0.777,0.78785,-1,RECEIVED,10.8496
825,8,1032,0.778,0.778,0.78885,-1,RECEIVED,10.8496
826,8,1032,0.779,0.779,0.78985,-1,RECEIVED,10.8496
827,8,1032,0.78,0.78,0.79085,-1,RECEIVED,10.8496
828,8,1032,0.781,0.781,0.79185,-1,RECEIVED,10.8496
829,8,1032,0.782,0.782,0.79285,-1,RECEIVED,10.8496
830,8,1032,0.783,0.783,0.79385,-1,RECEIVED,10.8496
831,8,1032,0.784,0.784,0.79485,-1,RECEIVED,10.8496
832,8,1032,0.785,0.785,0.79585,-1,RECEIVED,10.8496
833,8,1032,0.786,0.786,0.79685,-1,RECEIVED,10.8496
834,8,1032,0.787,0.787,0.79785,-1,RECEIVED,10.8496
835,8,1032,0.788,0.788,0.79885,-1,RECEIVED,10.8496
836,8,1032,0.789,0.789,0.79985,-1,RECEIVED,10.8496
837,8,1032,0.79,0.79,0.80085,-1,RECEIVED,10.8496
838,8,1032,0.791,0.791,0.80185,-1,RECEIVED,10.8496
839,8,1032,0.792,0.792,0.80285,-1,RECEIVED,10.8496
840,8,1032,0.793,0.793,0.80385,-1,RECEIVED,10.8496
841,8,1032,0.794,0.794,0.80485,-1,RECEIVED,10.8496
842,8,1032,0.795,0.795,0.80585,-1,RECEIVED,10.8496
843,8,1032,0.796,0.796,0.80685,-1,RECEIVED,10.8496
844,8,1032,0.797,0.797,0.80785,-1,RECEIVED,10.8496
845,8,1032,0.798,0.798,0.80885,-1,RECEIVED,10.8496
846,8,1032,0.799,0.799,0.80985,-1,RECEIVED,10.8496
847,8,1032,0.8,0.8,0.81085,-1,RECEIVED,10.8496
848,9,1032,0.8,0.80085,0.811699,-1,RECEIVED,11.6992
849,8,21,0.801,0.801699,0.81174,-1,RECEIVED,10.74
850,9,1032,0.801,0.80174,0.81259,-1,RECEIVED,11.5896
851,9,1032,0.802,0.80259,0.813439,-1,RECEIVED,11.4392
852,9,1032,0.803,0.803439,0.814289,-1,RECEIVED,11.2888
853,9,1032,0.804,0.804289,0.815138,-1,RECEIVED,11.1384
854,9,1032,0.805,0.805138,0.815988,-1,RECEIVED,10.988
855,9,1032,0.806,0.806,0.81685,-1,RECEIVED,10.8496
856,9,1032,0.807,0.807,0.81785,-1,RECEIVED,10.8496
857,9,1032,0.808,0.808,0.81885,-1,RECEIVED,10.8496
858,9,1032,0.809,0.809,0.81985,-1,RECEIVED,10.8496
859,9,1032,0.81,0.81,0.82085,-1,RECEIVED,10.8496
860,9,1032,0.811,0.811,0.82185,-1,RECEIVED,10.8496
861,9,1032,0.812,0.812,0.82285,-1,RECEIVED,10.8496
862,9,1032,0.813,0.813,0.82385,-1,RECEIVED,10.8496
863,9,1032,0.814,0.814,0.82485,-1,RECEIVED,10.8496
864,9,1032,0.815,0.815,0.82585,-1,RECEIVED,10.8496
865,9,1032,0.816,0.816,0.82685,-1,RECEIVED,10.8496
866,9,1032,0.817,0.817,0.82785,-1,RECEIVED,10.8496
867,9,1032,0.818,0.818,0.82885,-1,RECEIVED,10.8496
868,9,1032,0.819,0.819,0.82985,-1,RECEIVED,10.8496
869,9,1032,0.82,0.82,0.83085,-1,RECEIVED,10.8496
870,9,1032,0.821,0.821,0.83185,-1,RECEIVED,10.8496
871,9,1032,0.822,0.822,0.83285,-1,RECEIVED,10.8496
872,9,1032,0.823,0.823,0.83385,-1,RECEIVED,10.8496
873,9,1032,0.824,0.824,0.83485,-1,RECEIVED,10.8496
874,9,1032,0.825,0.825,0.83585,-1,RECEIVED,10.8496
875,9,1032,0.826,0.826,0.83685,-1,RECEIVED,10.8496
876,9,1032,0.827,0.827,0.83785,-1,RECEIVED,10.8496
877,9,1032,0.828,0.828,0.83885,-1,RECEIVED,10.8496
878,9,1032,0.829,0.829,0.83985,-1,RECEIVED,10.8496
879,9,1032,0.83,0.83,0.84085,-1,RECEIVED,10.8496
880,9,1032,0.831,0.831,0.84185,-1,RECEIVED,10.8496
881,9,1032,0.832,0.832,0.84285,-1,RECEIVED,10.8496
882,9,1032,0.833,0.833,0.84385,-1,RECEIVED,10.8496
883,9,1032,0.834,0.834,0.84485,-1,RECEIVED,10.8496
884,9,1032,0.835,0.835,0.84585,-1,RECEIVED,10.8496
885,9,1032,0.836,0.836,0.84685,-1,RECEIVED,10.8496
886,9,1032,0.837,0.837,0.84785,-1,RECEIVED,10.8496
887,9,1032,0.838,0.838,0.84885,-1,RECEIVED,10.8496
888,9,1032,0.839,0.839,0.84985,-1,RECEIVED,10.8496
889,9,1032,0.84,0.84,0.85085,-1,RECEIVED,10.8496
890,9,1032,0.841,0.841,0.85185,-1,RECEIVED,10.8496
891,9,1032,0.842,0.842,0.85285,-1,RECEIVED,10.8496
892,9,1032,0.843,0.843,0.85385,-1,RECEIVED,10.8496
893,9,1032,0.844,0.844,0.85485,-1,RECEIVED,10.8496
894,9,1032,0.845,0.845,0.85585,-1,RECEIVED,10.8496
895,9,1032,0.846,0.846,0.85685,-1,RECEIVED,10.8496
896,9,1032,0.847,0.847,0.85785,-1,RECEIVED,10.8496
897,9,1032,0.848,0.848,0.85885,-1,RECEIVED,10.8496
898,9,1032,0.849,0.849,0.85985,-1,RECEIVED,10.8496
899,9,1032,0.85,0.85,0.86085,-1,RECEIVED,10.8496
900,9,1032,0.851,0.851,0.86185,-1,RECEIVED,10.8496
901,9,1032,0.852,0.852,0.86285,-1,RECEIVED,10.8496
902,9,1032,0.853,0.853,0.86385,-1,RECEIVED,10.8496
903,9,1032,0.854,0.854,0.86485,-1,RECEIVED,10.8496
904,9,1032,0.855,0.855,0.86585,-1,RECEIVED,10.8496
905,9,1032,0.856,0.856,0.86685,-1,RECEIVED,10.8496
906,9,1032,0.857,0.857,0.86785,-1,RECEIVED,10.8496
907,9,1032,0.858,0.858,0.86885,-1,RECEIVED,10.8496
908,9,1032,0.859,0.859,0.86985,-1,RECEIVED,10.8496
909,9,1032,0.86,0.86,0.87085,-1,RECEIVED,10.8496
910,9,1032,0.861,0.861,0.87185,-1,RECEIVED,10.8496
911,9,1032,0.862,0.862,0.87285,-1,RECEIVED,10.8496
912,9,1032,0.863,0.863,0.87385,-1,RECEIVED,10.8496
913,9,1032,0.864,0.864,0.87485,-1,RECEIVED,10.8496
914,9,1032,0.865,0.865,0.87585,-1,RECEIVED,10.8496
915,9,1032,0.866,0.866,0.87685,-1,RECEIVED,10.8496
916,9,1032,0.867,0.867,0.87785,-1,RECEIVED,10.8496
917,9,1032,0.868,0.868,0.87885,-1,RECEIVED,10.8496
918,9,1032,0.869,0.869,0.87985,-1,RECEIVED,10.8496
919,9,1032,0.87,0.87,0.88085,-1,RECEIVED,10.8496
920,9,1032,0.871,0.871,0.88185,-1,RECEIVED,10.8496
921,9,1032,0.872,0.872,0.88285,-1,RECEIVED,10.8496
922,9,1032,0.873,0.873,0.88385,-1,RECEIVED,10.8496
923,9,1032,0.874,0.874,0.88485,-1,RECEIVED,10.8496
924,9,1032,0.875,0.875,0.88585,-1,RECEIVED,10.8496
925,9,1032,0.876,0.876,0.88685,-1,RECEIVED,10.8496
926,9,1032,0.877,0.877,0.88785,-1,RECEIVED,10.8496
927,9,1032,0.878,0.878,0.88885,-1,RECEIVED,10.8496
928,9,1032,0.879,0.879,0.88985,-1,RECEIVED,10.8496
929,9,1032,0.88,0.88,0.89085,-1,RECEIVED,10.8496
930,9,1032,0.881,0.881,0.89185,-1,RECEIVED,10.8496
931,9,1032,0.882,0.882,0.89285,-1,RECEIVED,10.8496
932,9,1032,0.883,0.883,0.89385,-1,RECEIVED,10.8496
933,9,1032,0.884,0.884,0.89485,-1,RECEIVED,10.8496
934,9,1032,0.885,0.885,0.89585,-1,RECEIVED,10.8496
935,9,1032,0.886,0.886,0.89685,-1,RECEIVED,10.8496
936,9,1032,0.887,0.887,0.89785,-1,RECEIVED,10.8496
937,9,1032,0.888,0.888,0.89885,-1,RECEIVED,10.8496
938,9,1032,0.889,0.889,0.89985,-1,RECEIVED,10.8496
939,9,1032,0.89,0.89,0.90085,-1,RECEIVED,10.8496
940,9,1032,0.891,0.891,0.90185,-1,RECEIVED,10.8496
941,9,1032,0.892,0.892,0.90285,-1,RECEIVED,10.8496
942,9,1032,0.893,0.893,0.90385,-1,RECEIVED,10.8496
943,9,1032,0.894,0.894,0.90485,-1,RECEIVED,10.8496
944,9,1032,0.895,0.895,0.90585,-1,RECEIVED,10.8496
945,9,1032,0.896,0.896,0.90685,-1,RECEIVED,10.8496
946,9,1032,0.897,0.897,0.90785,-1,RECEIVED,10.8496
947,9,1032,0.898,0.898,0.90885,-1,RECEIVED,10.8496
948,9,1032,0.899,0.899,0.90985,-1,RECEIVED,10.8496
949,9,1032,0.9,0.9,0.91085,-1,RECEIVED,10.8496
950,10,1032,0.9,0.90085,0.911699,-1,RECEIVED,11.6992
951,9,1032,0.901,0.901699,0.912549,-1,RECEIVED,11.5488
952,10,1032,0.901,0.902549,0.913398,-1,RECEIVED,12.3984
953,9,1032,0.902,0.903398,0.914248,-1,RECEIVED,12.248
954,10,1032,0.902,0.904248,0.915098,-1,RECEIVED,13.0976
955,9,1032,0.903,0.905098,0.915947,-1,RECEIVED,12.9472
956,10,1032,0.903,0.905947,0.916797,-1,RECEIVED,13.7968
957,9,1032,0.904,0.906797,0.917646,-1,RECEIVED,13.6464
958,10,1032,0.904,0.907646,0.918496,-1,RECEIVED,14.496
959,9,1032,0.905,0.908496,0.919346,-1,RECEIVED,14.3456
960,10,1032,0.905,0.909346,0.920195,-1,RECEIVED,15.1952
961,9,1032,0.906,0.910195,0.921045,-1,RECEIVED,15.0448
962,10,1032,0.906,0.911045,0.921894,-1,RECEIVED,15.8944
963,9,1032,0.907,0.911894,0.922744,-1,RECEIVED,15.744
964,10,1032,0.907,0.912744,0.923594,-1,RECEIVED,16.5936
965,9,1032,0.908,0.913594,0.924443,-1,RECEIVED,16.4432
966,10,1032,0.908,0.914443,0.925293,-1,RECEIVED,17.2928
967,9,1032,0.909,0.915293,0.926142,-1,RECEIVED,17.1424
968,10,1032,0.909,0.916142,0.926992,-1,RECEIVED,17.992
969,9,1032,0.91,0.916992,0.927842,-1,RECEIVED,17.8416
970,10,1032,0.91,0.917842,0.928691,-1,RECEIVED,18.6912
971,9,1032,0.911,0.918691,0.929541,-1,RECEIVED,18.5408
972,10,1032,0.911,0.919541,0.93039,-1,RECEIVED,19.3904
973,9,1032,0.912,0.92039,0.93124,-1,RECEIVED,19.24
974,10,1032,0.912,0.92124,0.93209,-1,RECEIVED,20.0896
975,9,1032,0.913,0.92209,0.932939,-1,RECEIVED,19.9392
976,10,1032,0.913,0.922939,0.933789,-1,RECEIVED,20.7888
977,9,1032,0.914,0.923789,0.934638,-1,RECEIVED,20.6384
978,10,1032,0.914,0.924638,0.935488,-1,RECEIVED,21.488
979,9,1032,0.915,0.925488,0.936338,-1,RECEIVED,21.3376
980,10,1032,0.915,0.926338,0.937187,-1,RECEIVED,22.1872
981,9,1032,0.916,0.927187,0.938037,-1,RECEIVED,22.0368
982,10,1032,0.916,0.928037,0.938886,-1,RECEIVED,22.8864
983,9,1032,0.917,0.928886,0.939736,-1,RECEIVED,22.736
984,10,1032,0.917,0.929736,0.940586,-1,RECEIVED,23.5856
985,9,1032,0.918,0.930586,0.941435,-1,RECEIVED,23.4352
986,10,1032,0.918,0.931435,0.942285,-1,RECEIVED,24.2848
987,9,1032,0.919,0.932285,0.943134,-1,RECEIVED,24.1344
988,10,1032,0.919,0.933134,0.943984,-1,RECEIVED,24.984
989,9,1032,0.92,0.933984,0.944834,-1,RECEIVED,24.8336
990,10,1032,0.92,0.934834,0.945683,-1,RECEIVED,25.6832
991,9,1032,0.921,0.935683,0.946533,-1,RECEIVED,25.5328
992,10,1032,0.921,0.936533,0.947382,-1,RECEIVED,26.3824
993,9,1032,0.922,0.937382,0.948232,-1,RECEIVED,26.232
994,10,1032,0.922,0.938232,0.949082,-1,RECEIVED,27.0816
995,9,1032,0.923,0.939082,0.949931,-1,RECEIVED,26.9312
996,10,1032,0.923,0.939931,0.950781,-1,RECEIVED,27.7808
997,9,1032,0.924,0.940781,0.95163,-1,RECEIVED,27.6304
998,10,1032,0.924,0.94163,0.95248,-1,RECEIVED,28.48
999,9,1032,0.925,0.94248,0.95333,-1,RECEIVED,28.3296
1000,10,1032,0.925,0.94333,0.954179,-1,RECEIVED,29.1792
1001,9,1032,0.926,0.944179,0.955029,-1,RECEIVED,29.0288
1002,10,1032,0.926,0.945029,0.955878,-1,RECEIVED,29.8784
1003,9,1032,0.927,0.945878,0.956728,-1,RECEIVED,29.728
1004,10,1032,0.927,0.946728,0.957578,-1,RECEIVED,30.5776
1005,9,1032,0.928,0.947578,0.958427,-1,RECEIVED,30.4272
1006,10,1032,0.928,0.948427,0.959277,-1,RECEIVED,31.2768
1007,9,1032,0.929,0.949277,0.960126,-1,RECEIVED,31.1264
1008,10,1032,0.929,0.950126,0.960976,-1,RECEIVED,31.976
1009,9,1032,0.93,0.950976,0.961826,-1,RECEIVED,31.8256
1010,10,1032,0.93,0.951826,0.962675,-1,RECEIVED,32.6752
1011,9,1032,0.931,0.952675,0.963525,-1,RECEIVED,32.5248
1012,10,1032,0.931,0.953525,0.964374,-1,RECEIVED,33.3744
1013,9,1032,0.932,0.954374,0.965224,-1,RECEIVED,33.224
1014,10,1032,0.932,0.955224,0.966074,-1,RECEIVED,34.0736
1015,9,1032,0.933,0.956074,0.966923,-1,RECEIVED,33.9232
1016,10,1032,0.933,0.956923,0.967773,-1,RECEIVED,34.7728
1017,9,1032,0.934,0.957773,0.968622,-1,RECEIVED,34.6224
1018,10,1032,0.934,0.958622,0.969472,-1,RECEIVED,35.472
1019,9,1032,0.935,0.959472,0.970322,-1,RECEIVED,35.3216
1020,10,1032,0.935,0.960322,0.971171,-1,RECEIVED,36.1712
1021,9,1032,0.936,0.961171,0.972021,-1,RECEIVED,36.0208
1022,10,1032,0.936,0.962021,0.97287,-1,RECEIVED,36.8704
1023,9,1032,0.937,0.96287,0.97372,-1,RECEIVED,36.72
1024,10,1032,0.937,0.96372,0.97457,-1,RECEIVED,37.5696
1025,9,1032,0.938,0.96457,0.975419,-1,RECEIVED,37.4192
1026,10,1032,0.938,0.965419,0.976269,-1,RECEIVED,38.2688
1027,9,1032,0.939,0.966269,0.977118,-1,RECEIVED,38.1184
1028,10,1032,0.939,0.967118,0.977968,-1,RECEIVED,38.968
1029,9,1032,0.94,0.967968,0.978818,-1,RECEIVED,38.8176
1030,10,1032,0.94,0.968818,0.979667,-1,RECEIVED,39.6672
1031,9,1032,0.941,0.969667,0.980517,-1,RECEIVED,39.5168
1032,10,1032,0.941,0.970517,0.981366,-1,RECEIVED,40.3664
1033,9,1032,0.942,0.971366,0.982216,-1,RECEIVED,40.216
1034,10,1032,0.942,0.972216,0.983066,-1,RECEIVED,41.0656
1035,9,1032,0.943,0.973066,0.983915,-1,RECEIVED,40.9152
1036,10,1032,0.943,0.973915,0.984765,-1,RECEIVED,41.7648
1037,9,1032,0.944,0.974765,0.985614,-1,RECEIVED,41.6144
1038,10,1032,0.944,0.975614,0.986464,-1,RECEIVED,42.464
1039,9,1032,0.945,0.976464,0.987314,-1,RECEIVED,42.3136
1040,10,1032,0.945,0.977314,0.988163,-1,RECEIVED,43.1632
1041,9,1032,0.946,0.978163,0.989013,-1,RECEIVED,43.0128
1042,10,1032,0.946,0.979013,0.989862,-1,RECEIVED,43.8624
1043,9,1032,0.947,0.979862,0.990712,-1,RECEIVED,43.712
1044,10,1032,0.947,0.980712,0.991562,-1,RECEIVED,44.5616
1045,9,1032,0.948,0.981562,0.992411,-1,RECEIVED,44.4112
1046,10,1032,0.948,0.982411,0.993261,-1,RECEIVED,45.2608
1047,9,1032,0.949,0.983261,0.99411,-1,RECEIVED,45.1104
1048,10,1032,0.949,0.98411,0.99496,-1,RECEIVED,45.96
1049,9,1032,0.95,0.98496,0.99581,-1,RECEIVED,45.8096
1050,10,1032,0.95,0.98581,0.996659,-1,RECEIVED,46.6592
1051,9,1032,0.951,0.986659,0.997509,-1,RECEIVED,46.5088
1052,10,1032,0.951,0.987509,0.998358,-1,RECEIVED,47.3584
1053,9,810,0.952,0.988358,0.99903,-1,RECEIVED,47.0304
1054,10,1032,0.952,0.98903,0.99988,-1,RECEIVED,47.88
1055,10,1032,0.953,0.98988,1.00073,-1,RECEIVED,47.7296
1056,10,1032,0.954,0.99073,1.00158,-1,RECEIVED,47.5792
1057,10,1032,0.955,0.991579,1.00243,-1,RECEIVED,47.4288
1058,10,1032,0.956,0.992429,1.00328,-1,RECEIVED,47.2784
1059,10,1032,0.957,0.993278,1.00413,-1,RECEIVED,47.128
1060,10,1032,0.958,0.994128,1.00498,-1,RECEIVED,46.9776
1061,10,1032,0.959,0.994978,1.00583,-1,RECEIVED,46.8272
1062,10,1032,0.96,0.995827,1.00668,-1,RECEIVED,46.6768
1063,10,1032,0.961,0.996677,1.00753,-1,RECEIVED,46.5264
1064,10,1032,0.962,0.997526,1.00838,-1,RECEIVED,46.376
1065,10,1032,0.963,0.998376,1.00923,-1,RECEIVED,46.2256
1066,10,1032,0.964,0.999226,1.01008,-1,RECEIVED,46.0752
1067,10,1032,0.965,1.00008,1.01092,-1,RECEIVED,45.9248
1068,10,1032,0.966,1.00092,1.01177,-1,RECEIVED,45.7744
1069,10,1032,0.967,1.00177,1.01262,-1,RECEIVED,45.624
1070,10,1032,0.968,1.00262,1.01347,-1,RECEIVED,45.4736
1071,10,1032,0.969,1.00347,1.01432,-1,RECEIVED,45.3232
1072,10,1032,0.97,1.00432,1.01517,-1,RECEIVED,45.1728
1073,10,1032,0.971,1.00517,1.01602,-1,RECEIVED,45.0224
1074,10,1032,0.972,1.00602,1.01687,-1,RECEIVED,44.872
1075,10,1032,0.973,1.00687,1.01772,-1,RECEIVED,44.7216
1076,10,1032,0.974,1.00772,1.01857,-1,RECEIVED,44.5712
1077,10,1032,0.975,1.00857,1.01942,-1,RECEIVED,44.4208
1078,10,1032,0.976,1.00942,1.02027,-1,RECEIVED,44.2704
1079,10,1032,0.977,1.01027,1.02112,-1,RECEIVED,44.12
1080,10,1032,0.978,1.01112,1.02197,-1,RECEIVED,43.9696
1081,10,1032,0.979,1.01197,1.02282,-1,RECEIVED,43.8192
1082,10,1032,0.98,1.01282,1.02367,-1,RECEIVED,43.6688
1083,10,1032,0.981,1.01367,1.02452,-1,RECEIVED,43.5184
1084,10,1032,0.982,1.01452,1.02537,-1,RECEIVED,43.368
1085,10,1032,0.983,1.01537,1.02622,-1,RECEIVED,43.2176
1086,10,45,0.984,1.01622,1.02628,-1,RECEIVED,42.2776
1087,11,1032,1,1.01628,1.02713,-1,RECEIVED,27.1272
1088,11,1032,1.001,1.01713,1.02798,-1,RECEIVED,26.9768
1089,11,1032,1.002,1.01798,1.02883,-1,RECEIVED,26.8264
1090,11,1032,1.003,1.01883,1.02968,-1,RECEIVED,26.676
1091,11,1032,1.004,1.01968,1.03053,-1,RECEIVED,26.5256
1092,11,1032,1.005,1.02053,1.03138,-1,RECEIVED,26.3752
1093,11,1032,1.006,1.02138,1.03222,-1,RECEIVED,26.2248
1094,11,1032,1.007,1.02222,1.03307,-1,RECEIVED,26.0744
1095,11,1032,1.008,1.02307,1.03392,-1,RECEIVED,25.924
1096,11,1032,1.009,1.02392,1.03477,-1,RECEIVED,25.7736
1097,11,1032,1.01,1.02477,1.03562,-1,RECEIVED,25.6232
1098,11,1032,1.011,1.02562,1.03647,-1,RECEIVED,25.4728
1099,11,1032,1.012,1.02647,1.03732,-1,RECEIVED,25.3224
1100,11,1032,1.013,1.02732,1.03817,-1,RECEIVED,25.172
1101,11,1032,1.014,1.02817,1.03902,-1,RECEIVED,25.0216
1102,11,1032,1.015,1.02902,1.03987,-1,RECEIVED,24.8712
1103,11,1032,1.016,1.02987,1.04072,-1,RECEIVED,24.7208
1104,11,1032,1.017,1.03072,1.04157,-1,RECEIVED,24.5704
1105,11,1032,1.018,1.03157,1.04242,-1,RECEIVED,24.42
1106,11,1032,1.019,1.03242,1.04327,-1,RECEIVED,24.2696
1107,11,1032,1.02,1.03327,1.04412,-1,RECEIVED,24.1192
1108,11,1032,1.021,1.03412,1.04497,-1,RECEIVED,23.9688
1109,11,1032,1.022,1.03497,1.04582,-1,RECEIVED,23.8184
1110,11,1032,1.023,1.03582,1.04667,-1,RECEIVED,23.668
1111,11,1032,1.024,1.03667,1.04752,-1,RECEIVED,23.5176
1112,11,1032,1.025,1.03752,1.04837,-1,RECEIVED,23.3672
1113,11,1032,1.026,1.03837,1.04922,-1,RECEIVED,23.2168
1114,11,1032,1.027,1.03922,1.05007,-1,RECEIVED,23.0664
1115,11,1032,1.028,1.04007,1.05092,-1,RECEIVED,22.916
1116,11,1032,1.029,1.04092,1.05177,-1,RECEIVED,22.7656
1117,11,1032,1.03,1.04177,1.05262,-1,RECEIVED,22.6152
1118,11,1032,1.031,1.04262,1.05346,-1,RECEIVED,22.4648
1119,11,1032,1.032,1.04346,1.05431,-1,RECEIVED,22.3144
1120,11,1032,1.033,1.04431,1.05516,-1,RECEIVED,22.164
1121,11,1032,1.034,1.04516,1.05601,-1,RECEIVED,22.0136
1122,11,1032,1.035,1.04601,1.05686,-1,RECEIVED,21.8632
1123,11,1032,1.036,1.04686,1.05771,-1,RECEIVED,21.7128
1124,11,1032,1.037,1.04771,1.05856,-1,RECEIVED,21.5624
1125,11,1032,1.038,1.04856,1.05941,-1,RECEIVED,21.412
1126,11,1032,1.039,1.04941,1.06026,-1,RECEIVED,21.2616
1127,11,1032,1.04,1.05026,1.06111,-1,RECEIVED,21.1112
1128,11,1032,1.041,1.05111,1.06196,-1,RECEIVED,20.9608
1129,11,1032,1.042,1.05196,1.06281,-1,RECEIVED,20.8104
1130,11,1032,1.043,1.05281,1.06366,-1,RECEIVED,20.66
1131,11,1032,1.044,1.05366,1.06451,-1,RECEIVED,20.5096
1132,11,1032,1.045,1.05451,1.06536,-1,RECEIVED,20.3592
1133,11,1032,1.046,1.05536,1.06621,-1,RECEIVED,20.2088
1134,11,1032,1.047,1.05621,1.06706,-1,RECEIVED,20.0584
1135,11,1032,1.048,1.05706,1.06791,-1,RECEIVED,19.908
1136,11,1032,1.049,1.05791,1.06876,-1,RECEIVED,19.7576
1137,11,1032,1.05,1.05876,1.06961,-1,RECEIVED,19.6072
1138,11,1032,1.051,1.05961,1.07046,-1,RECEIVED,19.4568
1139,11,1032,1.052,1.06046,1.07131,-1,RECEIVED,19.3064
1140,11,1032,1.053,1.06131,1.07216,-1,RECEIVED,19.156
1141,11,1032,1.054,1.06216,1.07301,-1,RECEIVED,19.0056
1142,11,1032,1.055,1.06301,1.07386,-1,RECEIVED,18.8552
1143,11,1032,1.056,1.06386,1.0747,-1,RECEIVED,18.7048
1144,11,1032,1.057,1.0647,1.07555,-1,RECEIVED,18.5544
1145,11,1032,1.058,1.06555,1.0764,-1,RECEIVED,18.404
1146,11,1032,1.059,1.0664,1.07725,-1,RECEIVED,18.2536
1147,11,1032,1.06,1.06725,1.0781,-1,RECEIVED,18.1032
1148,11,1032,1.061,1.0681,1.07895,-1,RECEIVED,17.9528
1149,11,1032,1.062,1.06895,1.0798,-1,RECEIVED,17.8024
1150,11,1032,1.063,1.0698,1.08065,-1,RECEIVED,17.652
1151,11,1032,1.064,1.07065,1.0815,-1,RECEIVED,17.5016
1152,11,1032,1.065,1.0715,1.08235,-1,RECEIVED,17.3512
1153,11,1032,1.066,1.07235,1.0832,-1,RECEIVED,17.2008
1154,11,1032,1.067,1.0732,1.08405,-1,RECEIVED,17.0504
1155,11,1032,1.068,1.07405,1.0849,-1,RECEIVED,16.9
1156,11,1032,1.069,1.0749,1.08575,-1,RECEIVED,16.7496
1157,11,1032,1.07,1.07575,1.0866,-1,RECEIVED,16.5992
1158,11,1032,1.071,1.0766,1.08745,-1,RECEIVED,16.4488
1159,11,1032,1.072,1.07745,1.0883,-1,RECEIVED,16.2984
1160,11,1032,1.073,1.0783,1.08915,-1,RECEIVED,16.148
1161,11,1032,1.074,1.07915,1.09,-1,RECEIVED,15.9976
1162,11,1032,1.075,1.08,1.09085,-1,RECEIVED,15.8472
1163,11,1032,1.076,1.08085,1.0917,-1,RECEIVED,15.6968
1164,11,1032,1.077,1.0817,1.09255,-1,RECEIVED,15.5464
1165,11,1032,1.078,1.08255,1.0934,-1,RECEIVED,15.396
1166,11,1032,1.079,1.0834,1.09425,-1,RECEIVED,15.2456
1167,11,1032,1.08,1.08425,1.0951,-1,RECEIVED,15.0952
1168,11,1032,1.081,1.0851,1.09594,-1,RECEIVED,14.9448
1169,11,1032,1.082,1.08594,1.09679,-1,RECEIVED,14.7944
1170,11,1032,1.083,1.08679,1.09764,-1,RECEIVED,14.644
1171,11,1032,1.084,1.08764,1.09849,-1,RECEIVED,14.4936
1172,11,1032,1.085,1.08849,1.09934,-1,RECEIVED,14.3432
1173,11,1032,1.086,1.08934,1.10019,-1,RECEIVED,14.1928
1174,11,1032,1.087,1.09019,1.10104,-1,RECEIVED,14.0424
1175,11,1032,1.088,1.09104,1.10189,-1,RECEIVED,13.892
1176,11,1032,1.089,1.09189,1.10274,-1,RECEIVED,13.7416
1177,11,1032,1.09,1.09274,1.10359,-1,RECEIVED,13.5912
1178,11,1032,1.091,1.09359,1.10444,-1,RECEIVED,13.4408
1179,11,1032,1.092,1.09444,1.10529,-1,RECEIVED,13.2904
1180,11,1032,1.093,1.09529,1.10614,-1,RECEIVED,13.14
1181,11,1032,1.094,1.09614,1.10699,-1,RECEIVED,12.9896
1182,11,1032,1.095,1.09699,1.10784,-1,RECEIVED,12.8392
1183,11,1032,1.096,1.09784,1.10869,-1,RECEIVED,12.6888
1184,11,1032,1.097,1.09869,1.10954,-1,RECEIVED,12.5384
1185,11,1032,1.098,1.09954,1.11039,-1,RECEIVED,12.388
1186,11,1032,1.099,1.10039,1.11124,-1,RECEIVED,12.2376
1187,11,1032,1.1,1.10124,1.11209,-1,RECEIVED,12.0872
1188,12,1032,1.1,1.10209,1.11294,-1,RECEIVED,12.9368
1189,11,1032,1.101,1.10294,1.11379,-1,RECEIVED,12.7864
1190,12,1032,1.101,1.10379,1.11464,-1,RECEIVED,13.636
1191,11,1032,1.102,1.10464,1.11549,-1,RECEIVED,13.4856
1192,12,1032,1.102,1.10549,1.11634,-1,RECEIVED,14.3352
1193,11,1032,1.103,1.10634,1.11718,-1,RECEIVED,14.1848
1194,12,1032,1.103,1.10718,1.11803,-1,RECEIVED,15.0344
1195,11,1032,1.104,1.10803,1.11888,-1,RECEIVED,14.884
1196,12,1032,1.104,1.10888,1.11973,-1,RECEIVED,15.7336
1197,11,1032,1.105,1.10973,1.12058,-1,RECEIVED,15.5832
1198,12,1032,1.105,1.11058,1.12143,-1,RECEIVED,16.4328
1199,11,1032,1.106,1.11143,1.12228,-1,RECEIVED,16.2824
1200,12,1032,1.106,1.11228,1.12313,-1,RECEIVED,17.132
1201,11,1032,1.107,1.11313,1.12398,-1,RECEIVED,16.9816
1202,12,1032,1.107,1.11398,1.12483,-1,RECEIVED,17.8312
1203,11,1032,1.108,1.11483,1.12568,-1,RECEIVED,17.6808
1204,12,1032,1.108,1.11568,1.12653,-1,RECEIVED,18.5304
1205,11,1032,1.109,1.11653,1.12738,-1,RECEIVED,18.38
1206,12,1032,1.109,1.11738,1.12823,-1,RECEIVED,19.2296
1207,11,1032,1.11,1.11823,1.12908,-1,RECEIVED,19.0792
1208,12,1032,1.11,1.11908,1.12993,-1,RECEIVED,19.9288
1209,11,1032,1.111,1.11993,1.13078,-1,RECEIVED,19.7784
1210,12,1032,1.111,1.12078,1.13163,-1,RECEIVED,20.628
1211,11,1032,1.112,1.12163,1.13248,-1,RECEIVED,20.4776
1212,12,1032,1.112,1.12248,1.13333,-1,RECEIVED,21.3272
1213,11,1032,1.113,1.12333,1.13418,-1,RECEIVED,21.1768
1214,12,1032,1.113,1.12418,1.13503,-1,RECEIVED,22.0264
1215,11,1032,1.114,1.12503,1.13588,-1,RECEIVED,21.876
1216,12,1032,1.114,1.12588,1.13673,-1,RECEIVED,22.7256
1217,11,1032,1.115,1.12673,1.13758,-1,RECEIVED,22.5752
1218,12,1032,1.115,1.12758,1.13842,-1,RECEIVED,23.4248
1219,11,1032,1.116,1.12842,1.13927,-1,RECEIVED,23.2744
1220,12,1032,1.116,1.12927,1.14012,-1,RECEIVED,24.124
1221,11,1032,1.117,1.13012,1.14097,-1,RECEIVED,23.9736
1222,12,1032,1.117,1.13097,1.14182,-1,RECEIVED,24.8232
1223,11,1032,1.118,1.13182,1.14267,-1,RECEIVED,24.6728
1224,12,1032,1.118,1.13267,1.14352,-1,RECEIVED,25.5224
1225,11,1032,1.119,1.13352,1.14437,-1,RECEIVED,25.372
1226,12,1032,1.119,1.13437,1.14522,-1,RECEIVED,26.2216
1227,11,1032,1.12,1.13522,1.14607,-1,RECEIVED,26.0712
1228,12,1032,1.12,1.13607,1.14692,-1,RECEIVED,26.9208
1229,11,1032,1.121,1.13692,1.14777,-1,RECEIVED,26.7704
1230,12,1032,1.121,1.13777,1.14862,-1,RECEIVED,27.62
1231,11,1032,1.122,1.13862,1.14947,-1,RECEIVED,27.4696
1232,12,1032,1.122,1.13947,1.15032,-1,RECEIVED,28.3192
1233,11,1032,1.123,1.14032,1.15117,-1,RECEIVED,28.1688
1234,12,1032,1.123,1.14117,1.15202,-1,RECEIVED,29.0184
1235,11,1032,1.124,1.14202,1.15287,-1,RECEIVED,28.868
1236,12,1032,1.124,1.14287,1.15372,-1,RECEIVED,29.7176
1237,11,1032,1.125,1.14372,1.15457,-1,RECEIVED,29.5672
1238,12,1032,1.125,1.14457,1.15542,-1,RECEIVED,30.4168
1239,11,1032,1.126,1.14542,1.15627,-1,RECEIVED,30.2664
1240,12,1032,1.126,1.14627,1.15712,-1,RECEIVED,31.116
1241,11,1032,1.127,1.14712,1.15797,-1,RECEIVED,30.9656
1242,12,1032,1.127,1.14797,1.15882,-1,RECEIVED,31.8152
1243,11,1032,1.128,1.14882,1.15966,-1,RECEIVED,31.6648
1244,12,1032,1.128,1.14966,1.16051,-1,RECEIVED,32.5144
1245,11,1032,1.129,1.15051,1.16136,-1,RECEIVED,32.364
1246,12,1032,1.129,1.15136,1.16221,-1,RECEIVED,33.2136
1247,11,1032,1.13,1.15221,1.16306,-1,RECEIVED,33.0632
1248,12,1032,1.13,1.15306,1.16391,-1,RECEIVED,33.9128
1249,11,1032,1.131,1.15391,1.16476,-1,RECEIVED,33.7624
1250,12,1032,1.131,1.15476,1.16561,-1,RECEIVED,34.612
1251,11,1032,1.132,1.15561,1.16646,-1,RECEIVED,34.4616
1252,12,1032,1.132,1.15646,1.16731,-1,RECEIVED,35.3112
1253,11,1032,1.133,1.15731,1.16816,-1,RECEIVED,35.1608
1254,12,1032,1.133,1.15816,1.16901,-1,RECEIVED,36.0104
1255,11,1032,1.134,1.15901,1.16986,-1,RECEIVED,35.86
1256,12,1032,1.134,1.15986,1.17071,-1,RECEIVED,36.7096
1257,11,1032,1.135,1.16071,1.17156,-1,RECEIVED,36.5592
1258,12,1032,1.135,1.16156,1.17241,-1,RECEIVED,37.4088
1259,11,1032,1.136,1.16241,1.17326,-1,RECEIVED,37.2584
1260,12,1032,1.136,1.16326,1.17411,-1,RECEIVED,38.108
1261,11,1032,1.137,1.16411,1.17496,-1,RECEIVED,37.9576
1262,12,1032,1.137,1.16496,1.17581,-1,RECEIVED,38.8072
1263,11,1032,1.138,1.16581,1.17666,-1,RECEIVED,38.6568
1264,12,1032,1.138,1.16666,1.17751,-1,RECEIVED,39.5064
1265,11,1032,1.139,1.16751,1.17836,-1,RECEIVED,39.356
1266,12,1032,1.139,1.16836,1.17921,-1,RECEIVED,40.2056
1267,11,1032,1.14,1.16921,1.18006,-1,RECEIVED,40.0552
1268,12,1032,1.14,1.17006,1.1809,-1,RECEIVED,40.9048
1269,11,1032,1.141,1.1709,1.18175,-1,RECEIVED,40.7544
1270,12,1032,1.141,1.17175,1.1826,-1,RECEIVED,41.604
1271,11,1032,1.142,1.1726,1.18345,-1,RECEIVED,41.4536
1272,12,1032,1.142,1.17345,1.1843,-1,RECEIVED,42.3032
1273,11,1032,1.143,1.1743,1.18515,-1,RECEIVED,42.1528
1274,12,1032,1.143,1.17515,1.186,-1,RECEIVED,43.0024
1275,11,1032,1.144,1.176,1.18685,-1,RECEIVED,42.852
1276,12,1032,1.144,1.17685,1.1877,-1,RECEIVED,43.7016
1277,11,1032,1.145,1.1777,1.18855,-1,RECEIVED,43.5512
1278,12,1032,1.145,1.17855,1.1894,-1,RECEIVED,44.4008
1279,11,1032,1.146,1.1794,1.19025,-1,RECEIVED,44.2504
1280,12,1032,1.146,1.18025,1.1911,-1,RECEIVED,45.1
1281,11,1032,1.147,1.1811,1.19195,-1,RECEIVED,44.9496
1282,12,1032,1.147,1.18195,1.1928,-1,RECEIVED,45.7992
1283,11,1032,1.148,1.1828,1.19365,-1,RECEIVED,45.6488
1284,12,1032,1.148,1.18365,1.1945,-1,RECEIVED,46.4984
1285,11,1032,1.149,1.1845,1.19535,-1,RECEIVED,46.348
1286,12,1032,1.149,1.18535,1.1962,-1,RECEIVED,47.1976
1287,11,1032,1.15,1.1862,1.19705,-1,RECEIVED,47.0472
1288,12,1032,1.15,1.18705,1.1979,-1,RECEIVED,47.8968
1289,11,1032,1.151,1.1879,1.19875,-1,RECEIVED,47.7464
1290,12,1032,1.151,1.18875,1.1996,-1,RECEIVED,48.596
1291,11,1032,1.152,1.1896,1.20045,-1,RECEIVED,48.4456
1292,12,1032,1.152,1.19045,1.2013,-1,RECEIVED,49.2952
1293,11,1032,1.153,1.1913,1.20214,-1,RECEIVED,49.1448
1294,12,1032,1.153,1.19214,1.20299,-1,RECEIVED,49.9944
1295,11,1032,1.154,1.19299,1.20384,-1,RECEIVED,49.844
1296,12,1032,1.154,1.19384,1.20469,-1,RECEIVED,50.6936
1297,11,1032,1.155,1.19469,1.20554,-1,RECEIVED,50.5432
1298,12,1032,1.155,1.19554,1.20639,-1,RECEIVED,51.3928
1299,11,1032,1.156,1.19639,1.20724,-1,RECEIVED,51.2424
1300,12,1032,1.156,1.19724,1.20809,-1,RECEIVED,52.092
1301,11,1032,1.157,1.19809,1.20894,-1,RECEIVED,51.9416
1302,12,1032,1.157,1.19894,1.20979,-1,RECEIVED,52.7912
1303,11,1032,1.158,1.19979,1.21064,-1,RECEIVED,52.6408
1304,12,1032,1.158,1.20064,1.21149,-1,RECEIVED,53.4904
1305,11,1032,1.159,1.20149,1.21234,-1,RECEIVED,53.34
1306,12,1032,1.159,1.20234,1.21319,-1,RECEIVED,54.1896
1307,11,1032,1.16,1.20319,1.21404,-1,RECEIVED,54.0392
1308,12,1032,1.16,1.20404,1.21489,-1,RECEIVED,54.8888
1309,11,1032,1.161,1.20489,1.21574,-1,RECEIVED,54.7384
1310,12,1032,1.161,1.20574,1.21659,-1,RECEIVED,55.588
1311,11,1032,1.162,1.20659,1.21744,-1,RECEIVED,55.4376
1312,12,1032,1.162,1.20744,1.21829,-1,RECEIVED,56.2872
1313,11,1032,1.163,1.20829,1.21914,-1,RECEIVED,56.1368
1314,12,1032,1.163,1.20914,1.21999,-1,RECEIVED,56.9864
1315,11,1032,1.164,1.20999,1.22084,-1,RECEIVED,56.836
1316,12,1032,1.164,1.21084,1.22169,-1,RECEIVED,57.6856
1317,11,1032,1.165,1.21169,1.22254,-1,RECEIVED,57.5352
1318,12,1032,1.165,1.21254,1.22338,-1,RECEIVED,58.3848
1319,11,1032,1.166,1.21338,1.22423,-1,RECEIVED,58.2344
1320,12,1032,1.166,1.21423,1.22508,-1,RECEIVED,59.084
1321,11,1032,1.167,1.21508,1.22593,-1,RECEIVED,58.9336
1322,12,1032,1.167,1.21593,1.22678,-1,RECEIVED,59.7832
1323,11,1032,1.168,1.21678,1.22763,-1,RECEIVED,59.6328
1324,12,1032,1.168,1.21763,1.22848,-1,RECEIVED,60.4824
1325,11,1032,1.169,1.21848,1.22933,-1,RECEIVED,60.332
1326,12,1032,1.169,1.21933,1.23018,-1,RECEIVED,61.1816
1327,11,1032,1.17,1.22018,1.23103,-1,RECEIVED,61.0312
1328,12,1032,1.17,1.22103,1.23188,-1,RECEIVED,61.8808
1329,11,1032,1.171,1.22188,1.23273,-1,RECEIVED,61.7304
1330,12,1032,1.171,1.22273,1.23358,-1,RECEIVED,62.58
1331,11,1032,1.172,1.22358,1.23443,-1,RECEIVED,62.4296
1332,12,1032,1.172,1.22443,1.23528,-1,RECEIVED,63.2792
1333,11,1032,1.173,1.22528,1.23613,-1,RECEIVED,63.1288
1334,12,1032,1.173,1.22613,1.23698,-1,RECEIVED,63.9784
1335,11,1032,1.174,1.22698,1.23783,-1,RECEIVED,63.828
1336,12,1032,1.174,1.22783,1.23868,-1,RECEIVED,64.6776
1337,11,1032,1.175,1.22868,1.23953,-1,RECEIVED,64.5272
1338,12,1032,1.175,1.22953,1.24038,-1,RECEIVED,65.3768
1339,11,1032,1.176,1.23038,1.24123,-1,RECEIVED,65.2264
1340,12,1032,1.176,1.23123,1.24208,-1,RECEIVED,66.076
1341,11,1032,1.177,1.23208,1.24293,-1,RECEIVED,65.9256
1342,12,1032,1.177,1.23293,1.24378,-1,RECEIVED,66.7752
1343,11,1032,1.178,1.23378,1.24462,-1,RECEIVED,66.6248
1344,12,1032,1.178,1.23462,1.24547,-1,RECEIVED,67.4744
1345,11,1032,1.179,1.23547,1.24632,-1,RECEIVED,67.324
1346,12,1032,1.179,1.23632,1.24717,-1,RECEIVED,68.1736
1347,11,864,1.18,1.23717,1.24789,-1,RECEIVED,67.8888
1348,12,1032,1.18,1.23789,1.24874,-1,RECEIVED,68.7384
1349,12,1032,1.181,1.23874,1.24959,-1,RECEIVED,68.588
1350,12,1032,1.182,1.23959,1.25044,-1,RECEIVED,68.4376
1351,12,1032,1.183,1.24044,1.25129,-1,RECEIVED,68.2872
1352,12,1032,1.184,1.24129,1.25214,-1,RECEIVED,68.1368
1353,12,1032,1.185,1.24214,1.25299,-1,RECEIVED,67.9864
1354,12,1032,1.186,1.24299,1.25384,-1,RECEIVED,67.836
1355,12,1032,1.187,1.24384,1.25469,-1,RECEIVED,67.6856
1356,12,1032,1.188,1.24469,1.25554,-1,RECEIVED,67.5352
1357,12,1032,1.189,1.24554,1.25638,-1,RECEIVED,67.3848
1358,12,1032,1.19,1.24638,1.25723,-1,RECEIVED,67.2344
1359,12,1032,1.191,1.24723,1.25808,-1,RECEIVED,67.084
1360,12,1032,1.192,1.24808,1.25893,-1,RECEIVED,66.9336
1361,12,1032,1.193,1.24893,1.25978,-1,RECEIVED,66.7832
1362,12,1032,1.194,1.24978,1.26063,-1,RECEIVED,66.6328
1363,12,1032,1.195,1.25063,1.26148,-1,RECEIVED,66.4824
1364,12,1032,1.196,1.25148,1.26233,-1,RECEIVED,66.332
1365,12,1032,1.197,1.25233,1.26318,-1,RECEIVED,66.1816
1366,12,1032,1.198,1.25318,1.26403,-1,RECEIVED,66.0312
1367,12,1032,1.199,1.25403,1.26488,-1,RECEIVED,65.8808
1368,12,1032,1.2,1.25488,1.26573,-1,RECEIVED,65.7304
1369,12,1032,1.201,1.25573,1.26658,-1,RECEIVED,65.58
1370,12,1032,1.202,1.25658,1.26743,-1,RECEIVED,65.4296
1371,12,1032,1.203,1.25743,1.26828,-1,RECEIVED,65.2792
1372,12,1032,1.204,1.25828,1.26913,-1,RECEIVED,65.1288
1373,12,1032,1.205,1.25913,1.26998,-1,RECEIVED,64.9784
1374,12,1032,1.206,1.25998,1.27083,-1,RECEIVED,64.828
1375,12,1032,1.207,1.26083,1.27168,-1,RECEIVED,64.6776
1376,12,1032,1.208,1.26168,1.27253,-1,RECEIVED,64.5272
1377,12,1032,1.209,1.26253,1.27338,-1,RECEIVED,64.3768
1378,12,1032,1.21,1.26338,1.27423,-1,RECEIVED,64.2264
1379,12,1032,1.211,1.26423,1.27508,-1,RECEIVED,64.076
1380,12,1032,1.212,1.26508,1.27593,-1,RECEIVED,63.9256
1381,12,1032,1.213,1.26593,1.27678,-1,RECEIVED,63.7752
1382,12,1032,1.214,1.26678,1.27762,-1,RECEIVED,63.6248
1383,12,1032,1.215,1.26762,1.27847,-1,RECEIVED,63.4744
1384,12,1032,1.216,1.26847,1.27932,-1,RECEIVED,63.324
1385,12,1032,1.217,1.26932,1.28017,-1,RECEIVED,63.1736
1386,12,1032,1.218,1.27017,1.28102,-1,RECEIVED,63.0232
1387,12,1032,1.219,1.27102,1.28187,-1,RECEIVED,62.8728
1388,12,1032,1.22,1.27187,1.28272,-1,RECEIVED,62.7224
1389,12,1032,1.221,1.27272,1.28357,-1,RECEIVED,62.572
1390,12,1032,1.222,1.27357,1.28442,-1,RECEIVED,62.4216
1391,12,1032,1.223,1.27442,1.28527,-1,RECEIVED,62.2712
1392,12,1032,1.224,1.27527,1.28612,-1,RECEIVED,62.1208
1393,12,1032,1.225,1.27612,1.28697,-1,RECEIVED,61.9704
1394,12,1032,1.226,1.27697,1.28782,-1,RECEIVED,61.82
1395,12,1032,1.227,1.27782,1.28867,-1,RECEIVED,61.6696
1396,12,1032,1.228,1.27867,1.28952,-1,RECEIVED,61.5192
1397,12,1032,1.229,1.27952,1.29037,-1,RECEIVED,61.3688
1398,12,568,1.23,1.28037,1.29085,-1,RECEIVED,60.8472
